timestamp,house_id,building,meter,appliance_category,appliance,mains_power,appliance_power,data_quality_flag
2023-01-01T00:00:00+01:00,UKDALE_house_4,bldg_4,meter_4,fridge,freezer,1696.537294943021,48.213049182132245,good
2023-01-01T00:01:00+00:00,UKDALE_house_5,bldg_5,meter_4,other,washing_machine,1479.7145699458054,1606.7590820783614,good
2023-01-01T00:02:00+01:00,UKDALE_house_3,bldg_3,meter_5,lighting,lighting,1338.1027379198804,189.9070910257624,good
2023-01-01T00:03:00+00:00,UKDALE_house_5,bldg_5,meter_8,other,dishwasher,661.3346987537092,1390.2008186610922,good
2023-01-01T00:04:00+01:00,UKDALE_house_5,bldg_5,meter_5,other,computer,54.9453684831731,59.458616427172274,good
2023-01-01T00:05:00+00:00,UKDALE_house_2,bldg_2,meter_8,other,dishwasher,476.5001045130017,,gap
2023-01-01T00:06:00+01:00,UKDALE_house_3,bldg_3,meter_1,other,dishwasher,336.8118014892132,711.6763471280389,good
2023-01-01T00:07:00+00:00,UKDALE_house_3,bldg_3,meter_9,fridge,fridge,1150.2576252768195,47.2074444013071,good
2023-01-01T00:08:00+01:00,UKDALE_house_3,bldg_3,meter_6,fridge,freezer,1550.0324693665193,32.20633705819167,good
2023-01-01T00:09:00+00:00,UKDALE_house_5,bldg_5,meter_3,lighting,lighting,572.05827127778,103.53200409281084,good
2023-01-01T00:10:00+01:00,UKDALE_house_4,bldg_4,meter_8,fridge,freezer,2350.6898851196083,143.1674276888366,good
2023-01-01T00:11:00+00:00,UKDALE_house_3,bldg_3,meter_9,other,computer,66.37121659852505,616.684256079255,good
2023-01-01T00:12:00+01:00,UKDALE_house_5,bldg_5,meter_6,fridge,freezer,1942.13748715509,109.33688141144358,good
2023-01-01T00:13:00+00:00,UKDALE_house_2,bldg_2,meter_7,water,unspecified_water_meter,1581.7516853495836,0.0,good
2023-01-01T00:14:00+01:00,UKDALE_house_4,bldg_4,meter_1,other,kettle,965.2092625668207,,gap
2023-01-01T00:15:00+00:00,UKDALE_house_2,bldg_2,meter_5,other,dishwasher,173.69791381039943,489.3901814140436,good
2023-01-01T00:16:00+01:00,UKDALE_house_4,bldg_4,meter_5,fridge,fridge,1587.3421008714845,108.05102985886371,good
2023-01-01T00:17:00+00:00,UKDALE_house_5,bldg_5,meter_4,other,dishwasher,994.7531065208377,421.5844550020597,good
2023-01-01T00:18:00+01:00,UKDALE_house_1,bldg_1,meter_6,other,washing_machine,2343.854491562387,263.51297375955585,good
2023-01-01T00:19:00+00:00,UKDALE_house_4,bldg_4,meter_7,lighting,lighting,1377.8756834799265,146.24899140074422,good
2023-01-01T00:20:00+01:00,UKDALE_house_2,bldg_2,meter_9,other,washing_machine,2352.146202669095,248.5214299318543,good
2023-01-01T00:21:00+00:00,UKDALE_house_5,bldg_5,meter_1,other,tv,590.185049009595,1794.5911325313718,good
2023-01-01T00:22:00+01:00,UKDALE_house_4,bldg_4,meter_6,fridge,fridge,1828.028480392053,,gap
2023-01-01T00:23:00+00:00,UKDALE_house_1,bldg_1,meter_7,lighting,lighting,1562.2601010793778,126.94553529616236,good
2023-01-01T00:24:00+01:00,UKDALE_house_1,bldg_1,meter_3,lighting,lighting,1861.550163086714,94.04742285426609,good
2023-01-01T00:25:00+00:00,UKDALE_house_3,bldg_3,meter_8,fridge,fridge,575.9362667327151,45.166370688680054,good
2023-01-01T00:26:00+01:00,UKDALE_house_3,bldg_3,meter_5,lighting,lighting,1679.2365647825457,25.01190336393441,good
2023-01-01T00:27:00+00:00,UKDALE_house_2,bldg_2,meter_9,fridge,freezer,1270.198962989329,104.72787387513999,good
2023-01-01T00:28:00+01:00,UKDALE_house_4,bldg_4,meter_5,fridge,freezer,1869.921188520475,126.81090765469513,good
2023-01-01T00:29:00+00:00,UKDALE_house_4,bldg_4,meter_9,fridge,freezer,851.2593781719536,131.0418793808093,good
2023-01-01T00:30:00+01:00,UKDALE_house_3,bldg_3,meter_4,water,unspecified_water_meter,2230.6397123898687,0.0,good
2023-01-01T00:31:00+00:00,UKDALE_house_4,bldg_4,meter_9,lighting,lighting,,,gap
2023-01-01T00:32:00+01:00,UKDALE_house_4,bldg_4,meter_5,water,unspecified_water_meter,2027.6138310384108,0.0,good
2023-01-01T00:33:00+00:00,UKDALE_house_1,bldg_1,meter_9,lighting,lighting,,,gap
2023-01-01T00:34:00+01:00,UKDALE_house_3,bldg_3,meter_3,fridge,fridge,2052.2681628487117,110.74165601862536,good
2023-01-01T00:35:00+00:00,UKDALE_house_5,bldg_5,meter_4,lighting,lighting,1306.1796659413512,150.36581494984398,good
2023-01-01T00:36:00+01:00,UKDALE_house_3,bldg_3,meter_9,lighting,lighting,1124.0432010753652,108.66782093992654,good
2023-01-01T00:37:00+00:00,UKDALE_house_5,bldg_5,meter_6,fridge,freezer,2490.842601985948,106.00940882905525,good
2023-01-01T00:38:00+01:00,UKDALE_house_1,bldg_1,meter_2,other,tv,611.4712804746972,1459.6703487580996,good
2023-01-01T00:39:00+00:00,UKDALE_house_2,bldg_2,meter_7,fridge,freezer,1389.8461163963093,77.74610106684277,good
2023-01-01T00:40:00+01:00,UKDALE_house_4,bldg_4,meter_2,other,computer,1693.1550371866977,,gap
2023-01-01T00:41:00+00:00,UKDALE_house_1,bldg_1,meter_2,other,tv,1767.1257078605083,1086.02947488086,good
2023-01-01T00:42:00+01:00,UKDALE_house_4,bldg_4,meter_1,fridge,fridge,549.8604310595179,49.90812292449435,good
2023-01-01T00:43:00+00:00,UKDALE_house_2,bldg_2,meter_3,fridge,freezer,1652.285526232513,32.96209886695016,good
2023-01-01T00:44:00+01:00,UKDALE_house_2,bldg_2,meter_6,other,microwave,2055.0054378792765,684.818800698516,good
2023-01-01T00:45:00+00:00,UKDALE_house_1,bldg_1,meter_8,lighting,lighting,172.54551321172494,118.40533909334117,good
2023-01-01T00:46:00+01:00,UKDALE_house_2,bldg_2,meter_9,fridge,freezer,2283.2271686470253,130.7784422644186,good
2023-01-01T00:47:00+00:00,UKDALE_house_5,bldg_5,meter_7,water,unspecified_water_meter,122.28493510575453,0.0,good
2023-01-01T00:48:00+01:00,UKDALE_house_2,bldg_2,meter_4,fridge,fridge,922.1290295965662,45.29828161682954,good
2023-01-01T00:49:00+00:00,UKDALE_house_4,bldg_4,meter_6,other,dishwasher,,,gap
2023-01-01T00:50:00+01:00,UKDALE_house_4,bldg_4,meter_5,water,unspecified_water_meter,239.00566292197556,0.0,good
2023-01-01T00:51:00+00:00,UKDALE_house_4,bldg_4,meter_8,fridge,freezer,2282.3622986911937,133.56108552806722,good
2023-01-01T00:52:00+01:00,UKDALE_house_4,bldg_4,meter_1,fridge,freezer,919.4090353280621,48.08249844010005,good
2023-01-01T00:53:00+00:00,UKDALE_house_5,bldg_5,meter_1,fridge,fridge,1090.6902495413797,132.19131831650628,good
2023-01-01T00:54:00+01:00,UKDALE_house_3,bldg_3,meter_6,fridge,fridge,577.5937343872539,148.97442814113504,good
2023-01-01T00:55:00+00:00,UKDALE_house_1,bldg_1,meter_2,fridge,fridge,1512.8846369574635,117.22065972578851,good
2023-01-01T00:56:00+01:00,UKDALE_house_4,bldg_4,meter_5,other,computer,1507.2678759605847,1423.346943193729,good
2023-01-01T00:57:00+00:00,UKDALE_house_2,bldg_2,meter_1,fridge,fridge,961.8909599717872,149.32983210706482,good
2023-01-01T00:58:00+01:00,UKDALE_house_4,bldg_4,meter_7,lighting,lighting,865.935435923226,128.98662509467016,good
2023-01-01T00:59:00+00:00,UKDALE_house_2,bldg_2,meter_1,water,unspecified_water_meter,2218.16255504244,,gap
2023-01-01T01:00:00+01:00,UKDALE_house_2,bldg_2,meter_4,other,dishwasher,989.0463871233934,,gap
2023-01-01T01:01:00+00:00,UKDALE_house_4,bldg_4,meter_9,other,computer,1259.0774307783001,1515.6789596330975,good
2023-01-01T01:02:00+01:00,UKDALE_house_5,bldg_5,meter_1,fridge,freezer,744.09666794108,103.73829330139574,good
2023-01-01T01:03:00+00:00,UKDALE_house_2,bldg_2,meter_4,other,tv,1977.585283224962,1067.091991511674,good
2023-01-01T01:04:00+01:00,UKDALE_house_2,bldg_2,meter_6,lighting,lighting,1023.7479844027745,,gap
2023-01-01T01:05:00+00:00,UKDALE_house_4,bldg_4,meter_6,lighting,lighting,1308.3470640335952,156.1401685249196,good
2023-01-01T01:06:00+01:00,UKDALE_house_2,bldg_2,meter_8,fridge,fridge,670.7250666461705,39.80007310321155,good
2023-01-01T01:07:00+00:00,UKDALE_house_2,bldg_2,meter_1,other,kettle,2469.766001236067,1667.502373890657,good
2023-01-01T01:08:00+01:00,UKDALE_house_4,bldg_4,meter_7,lighting,lighting,764.1645652631211,78.64822293868725,good
2023-01-01T01:09:00+00:00,UKDALE_house_4,bldg_4,meter_1,fridge,freezer,1938.3192007186017,45.33295833479885,good
2023-01-01T01:10:00+01:00,UKDALE_house_1,bldg_1,meter_7,lighting,lighting,1097.36434337406,99.62597595843539,good
2023-01-01T01:11:00+00:00,UKDALE_house_5,bldg_5,meter_3,lighting,lighting,555.2326424561427,27.64458366617597,good
2023-01-01T01:12:00+01:00,UKDALE_house_5,bldg_5,meter_8,other,microwave,2009.31097171391,,gap
2023-01-01T01:13:00+00:00,UKDALE_house_2,bldg_2,meter_3,other,dishwasher,867.3366331211557,1629.7346432793734,good
2023-01-01T01:14:00+01:00,UKDALE_house_5,bldg_5,meter_1,other,microwave,2169.723701124637,1515.2102624923903,good
2023-01-01T01:15:00+00:00,UKDALE_house_2,bldg_2,meter_8,fridge,freezer,2292.3801030486666,45.284336813745725,good
2023-01-01T01:16:00+01:00,UKDALE_house_1,bldg_1,meter_3,lighting,lighting,2156.568396708626,42.728804679391736,good
2023-01-01T01:17:00+00:00,UKDALE_house_4,bldg_4,meter_2,lighting,lighting,135.76939127667384,166.41820681836754,good
2023-01-01T01:18:00+01:00,UKDALE_house_4,bldg_4,meter_1,fridge,fridge,1979.0646952625086,140.9105129523739,good
2023-01-01T01:19:00+00:00,UKDALE_house_4,bldg_4,meter_3,fridge,freezer,1057.7816929229025,85.28037958001869,good
2023-01-01T01:20:00+01:00,UKDALE_house_5,bldg_5,meter_2,other,dishwasher,2190.6211544464513,923.1994545990904,good
2023-01-01T01:21:00+00:00,UKDALE_house_1,bldg_1,meter_2,fridge,freezer,1612.98794357761,68.19144496628711,good
2023-01-01T01:22:00+01:00,UKDALE_house_5,bldg_5,meter_6,lighting,lighting,,,gap
2023-01-01T01:23:00+00:00,UKDALE_house_5,bldg_5,meter_1,fridge,fridge,1273.6078361737466,107.3883486350827,good
2023-01-01T01:24:00+01:00,UKDALE_house_1,bldg_1,meter_2,fridge,fridge,1360.8124862673853,64.59018926008422,good
2023-01-01T01:25:00+00:00,UKDALE_house_1,bldg_1,meter_6,fridge,freezer,403.7496987274847,65.85394452651019,good
2023-01-01T01:26:00+01:00,UKDALE_house_1,bldg_1,meter_3,water,unspecified_water_meter,1970.7690287889209,0.0,good
2023-01-01T01:27:00+00:00,UKDALE_house_1,bldg_1,meter_4,other,dishwasher,1077.5045485840806,1609.6001278613041,good
2023-01-01T01:28:00+01:00,UKDALE_house_4,bldg_4,meter_1,water,unspecified_water_meter,1275.1962897653773,0.0,good
2023-01-01T01:29:00+00:00,UKDALE_house_3,bldg_3,meter_8,lighting,lighting,1973.4893995344837,22.454124303047863,good
2023-01-01T01:30:00+01:00,UKDALE_house_3,bldg_3,meter_7,fridge,freezer,1517.1712301946254,68.7271887271966,good
2023-01-01T01:31:00+00:00,UKDALE_house_1,bldg_1,meter_7,lighting,lighting,542.6918822345352,119.78420261894642,good
2023-01-01T01:32:00+01:00,UKDALE_house_3,bldg_3,meter_3,lighting,lighting,1496.0700149196873,46.67914317787843,good
2023-01-01T01:33:00+00:00,UKDALE_house_3,bldg_3,meter_3,other,dishwasher,1048.7005020501565,211.17281984928215,good
2023-01-01T01:34:00+01:00,UKDALE_house_1,bldg_1,meter_2,fridge,fridge,1200.3375780074634,127.8331597308672,good
2023-01-01T01:35:00+00:00,UKDALE_house_3,bldg_3,meter_1,lighting,lighting,119.36262228653608,180.99278995673131,good
2023-01-01T01:36:00+01:00,UKDALE_house_5,bldg_5,meter_7,fridge,freezer,564.5719063148899,128.83277049578274,good
2023-01-01T01:37:00+00:00,UKDALE_house_2,bldg_2,meter_7,fridge,fridge,738.5432993835192,137.85454676848173,good
2023-01-01T01:38:00+01:00,UKDALE_house_2,bldg_2,meter_2,other,microwave,1796.7520192540742,1017.9459493521501,good
2023-01-01T01:39:00+00:00,UKDALE_house_1,bldg_1,meter_7,lighting,lighting,78.15655958038252,166.20646177826154,good
2023-01-01T01:40:00+01:00,UKDALE_house_4,bldg_4,meter_8,lighting,lighting,1051.5042900113735,89.12767491039807,good
2023-01-01T01:41:00+00:00,UKDALE_house_1,bldg_1,meter_1,lighting,lighting,2313.8658325430456,139.92821506622693,good
2023-01-01T01:42:00+01:00,UKDALE_house_4,bldg_4,meter_9,lighting,lighting,324.1075105453534,197.9903956500496,good
2023-01-01T01:43:00+00:00,UKDALE_house_2,bldg_2,meter_7,other,washing_machine,1315.239751135597,,gap
2023-01-01T01:44:00+01:00,UKDALE_house_1,bldg_1,meter_3,other,computer,1976.9798368575753,732.324556009391,good
2023-01-01T01:45:00+00:00,UKDALE_house_5,bldg_5,meter_8,water,unspecified_water_meter,2359.201703424286,0.0,good
2023-01-01T01:46:00+01:00,UKDALE_house_3,bldg_3,meter_7,other,kettle,1879.6027668576091,890.0829102926498,good
2023-01-01T01:47:00+00:00,UKDALE_house_4,bldg_4,meter_8,fridge,freezer,1815.3855941787951,46.561858442406205,good
2023-01-01T01:48:00+01:00,UKDALE_house_3,bldg_3,meter_6,other,tv,2074.895820979618,191.81756831384936,good
2023-01-01T01:49:00+00:00,UKDALE_house_3,bldg_3,meter_9,lighting,lighting,1143.192991394982,169.35011593789238,good
2023-01-01T01:50:00+01:00,UKDALE_house_1,bldg_1,meter_5,fridge,freezer,2024.319104913691,147.21532473931035,good
2023-01-01T01:51:00+00:00,UKDALE_house_3,bldg_3,meter_3,other,tv,69.51279162635527,758.2688617019027,good
2023-01-01T01:52:00+01:00,UKDALE_house_5,bldg_5,meter_3,fridge,fridge,,,gap
2023-01-01T01:53:00+00:00,UKDALE_house_3,bldg_3,meter_1,other,kettle,1136.1009483170794,165.17058120850885,good
2023-01-01T01:54:00+01:00,UKDALE_house_1,bldg_1,meter_8,lighting,lighting,1405.7814602710816,,gap
2023-01-01T01:55:00+00:00,UKDALE_house_5,bldg_5,meter_2,other,microwave,674.4615098414616,861.6749370234398,good
2023-01-01T01:56:00+01:00,UKDALE_house_2,bldg_2,meter_3,other,dishwasher,1869.2005404590325,610.0478039841859,good
2023-01-01T01:57:00+00:00,UKDALE_house_3,bldg_3,meter_8,other,kettle,237.7577258643596,883.8072246689492,good
2023-01-01T01:58:00+01:00,UKDALE_house_1,bldg_1,meter_8,other,computer,2187.9577162397463,607.0321657116078,good
2023-01-01T01:59:00+00:00,UKDALE_house_2,bldg_2,meter_4,other,dishwasher,2078.8862310655395,905.812606788335,good
2023-01-01T02:00:00+01:00,UKDALE_house_2,bldg_2,meter_4,fridge,freezer,579.3472847996777,133.14676763015242,good
2023-01-01T02:01:00+00:00,UKDALE_house_4,bldg_4,meter_5,lighting,lighting,2032.844775798893,126.61424679117722,good
2023-01-01T02:02:00+01:00,UKDALE_house_5,bldg_5,meter_6,fridge,freezer,1976.5764460006296,113.35845273722104,good
2023-01-01T02:03:00+00:00,UKDALE_house_3,bldg_3,meter_5,other,washing_machine,1598.930664497175,,gap
2023-01-01T02:04:00+01:00,UKDALE_house_1,bldg_1,meter_7,lighting,lighting,965.1244334042344,152.93105813189337,good
2023-01-01T02:05:00+00:00,UKDALE_house_4,bldg_4,meter_2,other,tv,715.1719477455763,1216.5798985389015,good
2023-01-01T02:06:00+01:00,UKDALE_house_5,bldg_5,meter_7,fridge,freezer,617.8697962089076,44.347439730246776,good
2023-01-01T02:07:00+00:00,UKDALE_house_4,bldg_4,meter_7,fridge,fridge,830.5919587708376,98.71714237387015,good
2023-01-01T02:08:00+01:00,UKDALE_house_5,bldg_5,meter_1,other,dishwasher,2263.7181864096992,499.3011185420765,good
2023-01-01T02:09:00+00:00,UKDALE_house_5,bldg_5,meter_7,fridge,fridge,240.2199011725141,126.49148035603113,good
2023-01-01T02:10:00+01:00,UKDALE_house_3,bldg_3,meter_5,fridge,fridge,2080.734626819749,,gap
2023-01-01T02:11:00+00:00,UKDALE_house_5,bldg_5,meter_3,fridge,fridge,904.7806838524677,149.36209982357846,good
2023-01-01T02:12:00+01:00,UKDALE_house_4,bldg_4,meter_3,water,unspecified_water_meter,1327.9185202278275,0.0,good
2023-01-01T02:13:00+00:00,UKDALE_house_5,bldg_5,meter_4,other,washing_machine,1996.4898024388021,211.87576639318664,good
2023-01-01T02:14:00+01:00,UKDALE_house_3,bldg_3,meter_2,lighting,lighting,2216.7225402062795,160.46261529322854,good
2023-01-01T02:15:00+00:00,UKDALE_house_3,bldg_3,meter_2,fridge,freezer,894.7144791779851,,gap
2023-01-01T02:16:00+01:00,UKDALE_house_4,bldg_4,meter_1,fridge,fridge,1181.5165291240203,122.09985967088465,good
2023-01-01T02:17:00+00:00,UKDALE_house_2,bldg_2,meter_5,other,kettle,1065.564358801141,588.1771421082985,good
2023-01-01T02:18:00+01:00,UKDALE_house_2,bldg_2,meter_4,other,tv,82.46503208458084,911.095356419201,good
2023-01-01T02:19:00+00:00,UKDALE_house_5,bldg_5,meter_2,fridge,freezer,775.0600777037087,125.581022366845,good
2023-01-01T02:20:00+01:00,UKDALE_house_1,bldg_1,meter_3,fridge,fridge,1175.0136226447764,57.9049597945026,good
2023-01-01T02:21:00+00:00,UKDALE_house_5,bldg_5,meter_7,fridge,freezer,1057.1793417570775,,gap
2023-01-01T02:22:00+01:00,UKDALE_house_4,bldg_4,meter_7,other,washing_machine,1818.7266074134147,1014.3391682661317,good
2023-01-01T02:23:00+00:00,UKDALE_house_4,bldg_4,meter_4,other,tv,992.768862191703,966.2362641772476,good
2023-01-01T02:24:00+01:00,UKDALE_house_4,bldg_4,meter_5,fridge,fridge,1248.972299978142,63.87149644955194,good
2023-01-01T02:25:00+00:00,UKDALE_house_4,bldg_4,meter_5,fridge,fridge,1102.5410507242902,65.76907806297874,good
2023-01-01T02:26:00+01:00,UKDALE_house_4,bldg_4,meter_6,fridge,freezer,1864.5340647912078,63.34141958478786,good
2023-01-01T02:27:00+00:00,UKDALE_house_3,bldg_3,meter_9,water,unspecified_water_meter,2164.282377518058,0.0,good
2023-01-01T02:28:00+01:00,UKDALE_house_2,bldg_2,meter_2,fridge,freezer,1353.1282435684097,122.58144743981852,good
2023-01-01T02:29:00+00:00,UKDALE_house_4,bldg_4,meter_5,other,dishwasher,1984.1088757782184,1190.826514734306,good
2023-01-01T02:30:00+01:00,UKDALE_house_1,bldg_1,meter_3,other,tv,777.1273709486339,1506.7300709679423,good
2023-01-01T02:31:00+00:00,UKDALE_house_1,bldg_1,meter_4,lighting,lighting,1376.3555448853083,195.58514509652392,good
2023-01-01T02:32:00+01:00,UKDALE_house_1,bldg_1,meter_6,fridge,fridge,895.8133864914325,86.89971555263837,good
2023-01-01T02:33:00+00:00,UKDALE_house_1,bldg_1,meter_8,fridge,freezer,1064.7922676509843,38.00326576865386,good
2023-01-01T02:34:00+01:00,UKDALE_house_3,bldg_3,meter_1,other,dishwasher,1844.413968791038,134.161543221062,good
2023-01-01T02:35:00+00:00,UKDALE_house_1,bldg_1,meter_8,other,microwave,2210.073081715146,567.4138187253335,good
2023-01-01T02:36:00+01:00,UKDALE_house_4,bldg_4,meter_7,other,dishwasher,347.66370816502524,,gap
2023-01-01T02:37:00+00:00,UKDALE_house_5,bldg_5,meter_1,lighting,lighting,1604.8661783940822,114.17834989475747,good
2023-01-01T02:38:00+01:00,UKDALE_house_1,bldg_1,meter_2,fridge,freezer,1476.2523285656064,62.6143819296155,good
2023-01-01T02:39:00+00:00,UKDALE_house_3,bldg_3,meter_3,water,unspecified_water_meter,340.1168459810331,,gap
2023-01-01T02:40:00+01:00,UKDALE_house_3,bldg_3,meter_1,other,kettle,569.1411095782672,748.5418903942842,good
2023-01-01T02:41:00+00:00,UKDALE_house_1,bldg_1,meter_9,fridge,fridge,811.9561120950666,101.8314128885605,good
2023-01-01T02:42:00+01:00,UKDALE_house_5,bldg_5,meter_8,water,unspecified_water_meter,458.9811235028786,0.0,good
2023-01-01T02:43:00+00:00,UKDALE_house_1,bldg_1,meter_2,other,tv,647.1372321846374,1192.6619017412238,good
2023-01-01T02:44:00+01:00,UKDALE_house_3,bldg_3,meter_9,lighting,lighting,705.6219572111834,47.7055117609229,good
2023-01-01T02:45:00+00:00,UKDALE_house_2,bldg_2,meter_7,other,dishwasher,872.4008909456961,1759.805433954058,good
2023-01-01T02:46:00+01:00,UKDALE_house_4,bldg_4,meter_9,other,microwave,1886.0066093628395,1003.3513972198805,good
2023-01-01T02:47:00+00:00,UKDALE_house_3,bldg_3,meter_6,other,washing_machine,1451.1848994339719,287.4545561364888,good
2023-01-01T02:48:00+01:00,UKDALE_house_1,bldg_1,meter_6,fridge,fridge,2466.3043462809337,137.23623040153603,good
2023-01-01T02:49:00+00:00,UKDALE_house_4,bldg_4,meter_4,fridge,freezer,1066.1027760703041,38.95661172953146,good
2023-01-01T02:50:00+01:00,UKDALE_house_1,bldg_1,meter_2,other,dishwasher,1896.9694309004663,1638.5370080606472,good
2023-01-01T02:51:00+00:00,UKDALE_house_1,bldg_1,meter_7,fridge,freezer,2185.0976323725076,,gap
2023-01-01T02:52:00+01:00,UKDALE_house_2,bldg_2,meter_5,lighting,lighting,1713.4973079432027,146.0777238481707,good
2023-01-01T02:53:00+00:00,UKDALE_house_4,bldg_4,meter_6,lighting,lighting,1059.0686140228652,,gap
2023-01-01T02:54:00+01:00,UKDALE_house_4,bldg_4,meter_2,lighting,lighting,1896.3068453270946,,gap
2023-01-01T02:55:00+00:00,UKDALE_house_2,bldg_2,meter_5,other,kettle,548.9844875430779,1697.7594922843841,good
2023-01-01T02:56:00+01:00,UKDALE_house_3,bldg_3,meter_4,other,kettle,852.5028046913244,976.9994406896434,good
2023-01-01T02:57:00+00:00,UKDALE_house_1,bldg_1,meter_9,fridge,fridge,1389.3788749932576,117.88661359170658,good
2023-01-01T02:58:00+01:00,UKDALE_house_5,bldg_5,meter_6,fridge,freezer,1459.7529988510635,140.89292590935355,good
2023-01-01T02:59:00+00:00,UKDALE_house_1,bldg_1,meter_2,fridge,freezer,104.24661490794216,147.021597117061,good
2023-01-01T03:00:00+01:00,UKDALE_house_1,bldg_1,meter_1,other,microwave,2365.5297624522213,1508.10762404418,good
2023-01-01T03:01:00+00:00,UKDALE_house_3,bldg_3,meter_5,other,kettle,1756.7368144826055,580.2806372185526,good
2023-01-01T03:02:00+01:00,UKDALE_house_1,bldg_1,meter_9,fridge,freezer,1264.4741880681331,,gap
2023-01-01T03:03:00+00:00,UKDALE_house_2,bldg_2,meter_6,other,kettle,2336.1617243003557,1149.2091796762506,good
2023-01-01T03:04:00+01:00,UKDALE_house_2,bldg_2,meter_7,other,microwave,1125.7841348645297,1678.6243336159298,good
2023-01-01T03:05:00+00:00,UKDALE_house_4,bldg_4,meter_5,other,washing_machine,2452.067147162411,1233.1837951751156,good
2023-01-01T03:06:00+01:00,UKDALE_house_5,bldg_5,meter_6,other,tv,1305.0976552465386,587.6681832335108,good
2023-01-01T03:07:00+00:00,UKDALE_house_1,bldg_1,meter_5,fridge,fridge,330.0001364950497,74.4029428971379,good
2023-01-01T03:08:00+01:00,UKDALE_house_1,bldg_1,meter_9,other,washing_machine,1923.7623825252292,1013.3256099301459,good
2023-01-01T03:09:00+00:00,UKDALE_house_3,bldg_3,meter_6,lighting,lighting,1713.2994264407093,,gap
2023-01-01T03:10:00+01:00,UKDALE_house_2,bldg_2,meter_8,other,tv,1943.8174671986876,606.4694648455861,good
2023-01-01T03:11:00+00:00,UKDALE_house_5,bldg_5,meter_2,other,tv,,,gap
2023-01-01T03:12:00+01:00,UKDALE_house_4,bldg_4,meter_9,other,dishwasher,1952.3987914949944,654.8437387587027,good
2023-01-01T03:13:00+00:00,UKDALE_house_2,bldg_2,meter_5,other,dishwasher,1547.7746754307848,1477.5964581114376,good
2023-01-01T03:14:00+01:00,UKDALE_house_4,bldg_4,meter_7,fridge,fridge,2150.4068107840603,,gap
2023-01-01T03:15:00+00:00,UKDALE_house_3,bldg_3,meter_1,lighting,lighting,1699.4537764186023,33.81010883351934,good
2023-01-01T03:16:00+01:00,UKDALE_house_3,bldg_3,meter_5,water,unspecified_water_meter,1049.8916892235115,0.0,good
2023-01-01T03:17:00+00:00,UKDALE_house_1,bldg_1,meter_2,other,washing_machine,2219.7684223923443,340.59191259268863,good
2023-01-01T03:18:00+01:00,UKDALE_house_5,bldg_5,meter_6,fridge,fridge,593.6561289217135,37.33256011435587,good
2023-01-01T03:19:00+00:00,UKDALE_house_4,bldg_4,meter_1,fridge,fridge,1800.8711235263743,89.91635352171903,good
2023-01-01T03:20:00+01:00,UKDALE_house_2,bldg_2,meter_3,fridge,fridge,2209.8304646048546,42.760475681787256,good
2023-01-01T03:21:00+00:00,UKDALE_house_3,bldg_3,meter_5,other,dishwasher,1841.7254732730757,249.7449462918562,good
2023-01-01T03:22:00+01:00,UKDALE_house_1,bldg_1,meter_4,other,computer,1758.3247766819495,1696.8344550671598,good
2023-01-01T03:23:00+00:00,UKDALE_house_1,bldg_1,meter_3,fridge,freezer,1893.9638204759983,134.71860866112667,good
2023-01-01T03:24:00+01:00,UKDALE_house_4,bldg_4,meter_5,lighting,lighting,1189.3853583365787,101.37558742604588,good
2023-01-01T03:25:00+00:00,UKDALE_house_3,bldg_3,meter_8,other,computer,2191.7181712847137,1775.1593114878601,good
2023-01-01T03:26:00+01:00,UKDALE_house_5,bldg_5,meter_4,other,dishwasher,548.4193640834235,50.32642429866045,good
2023-01-01T03:27:00+00:00,UKDALE_house_3,bldg_3,meter_1,lighting,lighting,362.0967192008313,130.51630212921089,good
2023-01-01T03:28:00+01:00,UKDALE_house_4,bldg_4,meter_7,lighting,lighting,749.4965112903533,130.9570719269366,good
2023-01-01T03:29:00+00:00,UKDALE_house_4,bldg_4,meter_8,lighting,lighting,1352.3646220987332,102.33975005657987,good
2023-01-01T03:30:00+01:00,UKDALE_house_3,bldg_3,meter_3,fridge,fridge,1300.8763987528785,77.63375675211515,good
2023-01-01T03:31:00+00:00,UKDALE_house_4,bldg_4,meter_6,lighting,lighting,2060.4669563076372,101.96896438650937,good
2023-01-01T03:32:00+01:00,UKDALE_house_3,bldg_3,meter_2,other,kettle,1041.1932081898426,776.1807631394408,good
2023-01-01T03:33:00+00:00,UKDALE_house_2,bldg_2,meter_7,other,computer,1236.643844414196,1328.361835594024,good
2023-01-01T03:34:00+01:00,UKDALE_house_3,bldg_3,meter_8,other,microwave,82.7508239855193,286.8720112032471,good
2023-01-01T03:35:00+00:00,UKDALE_house_3,bldg_3,meter_6,other,microwave,1053.8611292852006,395.8686360344778,good
2023-01-01T03:36:00+01:00,UKDALE_house_4,bldg_4,meter_6,fridge,fridge,1637.046870728338,51.66218740709083,good
2023-01-01T03:37:00+00:00,UKDALE_house_4,bldg_4,meter_5,lighting,lighting,87.99541003515085,67.24470532182761,good
2023-01-01T03:38:00+01:00,UKDALE_house_1,bldg_1,meter_8,fridge,freezer,738.1608147062972,93.03101025378999,good
2023-01-01T03:39:00+00:00,UKDALE_house_1,bldg_1,meter_1,fridge,fridge,559.4930802590054,43.34504968058624,good
2023-01-01T03:40:00+01:00,UKDALE_house_2,bldg_2,meter_4,other,dishwasher,152.86430082849117,1569.2962668213822,good
2023-01-01T03:41:00+00:00,UKDALE_house_1,bldg_1,meter_4,water,unspecified_water_meter,1224.1872202906168,0.0,good
2023-01-01T03:42:00+01:00,UKDALE_house_3,bldg_3,meter_3,fridge,freezer,495.22206840898343,65.68338375701668,good
2023-01-01T03:43:00+00:00,UKDALE_house_4,bldg_4,meter_3,lighting,lighting,1870.5497720968813,49.25683774436742,good
2023-01-01T03:44:00+01:00,UKDALE_house_1,bldg_1,meter_4,other,kettle,2127.4233152202037,1232.3372917969257,good
2023-01-01T03:45:00+00:00,UKDALE_house_1,bldg_1,meter_1,fridge,fridge,1386.6836975394122,34.57035607191831,good
2023-01-01T03:46:00+01:00,UKDALE_house_2,bldg_2,meter_2,lighting,lighting,2455.182989176797,131.59434167734955,good
2023-01-01T03:47:00+00:00,UKDALE_house_2,bldg_2,meter_9,other,computer,1153.6725001029586,,gap
2023-01-01T03:48:00+01:00,UKDALE_house_3,bldg_3,meter_2,other,kettle,1307.7521150510431,426.10392992675855,good
2023-01-01T03:49:00+00:00,UKDALE_house_4,bldg_4,meter_5,fridge,freezer,2473.5834971964878,,gap
2023-01-01T03:50:00+01:00,UKDALE_house_2,bldg_2,meter_9,lighting,lighting,617.2936681143696,85.45616460550093,good
2023-01-01T03:51:00+00:00,UKDALE_house_1,bldg_1,meter_9,other,computer,2359.237552208418,222.53990292338884,good
2023-01-01T03:52:00+01:00,UKDALE_house_4,bldg_4,meter_8,lighting,lighting,,,gap
2023-01-01T03:53:00+00:00,UKDALE_house_4,bldg_4,meter_1,fridge,fridge,1143.6478811448271,60.51134777338375,good
2023-01-01T03:54:00+01:00,UKDALE_house_1,bldg_1,meter_1,other,microwave,221.50860472601113,567.0688680968287,good
2023-01-01T03:55:00+00:00,UKDALE_house_2,bldg_2,meter_9,fridge,fridge,1836.6251201384252,93.59644092257048,good
2023-01-01T03:56:00+01:00,UKDALE_house_1,bldg_1,meter_8,other,tv,1540.6018929060435,1237.1857996302729,good
2023-01-01T03:57:00+00:00,UKDALE_house_4,bldg_4,meter_9,fridge,freezer,1781.253945495611,101.13251290442217,good
2023-01-01T03:58:00+01:00,UKDALE_house_5,bldg_5,meter_7,water,unspecified_water_meter,967.4769799216416,0.0,good
2023-01-01T03:59:00+00:00,UKDALE_house_5,bldg_5,meter_3,lighting,lighting,955.2307383768817,,gap
2023-01-01T04:00:00+01:00,UKDALE_house_3,bldg_3,meter_3,fridge,fridge,161.03223345419178,50.65032389431517,good
2023-01-01T04:01:00+00:00,UKDALE_house_1,bldg_1,meter_2,fridge,freezer,907.3651018476174,135.45230997514975,good
2023-01-01T04:02:00+01:00,UKDALE_house_1,bldg_1,meter_5,fridge,fridge,,,gap
2023-01-01T04:03:00+00:00,UKDALE_house_3,bldg_3,meter_3,other,computer,979.1050160921,,gap
2023-01-01T04:04:00+01:00,UKDALE_house_3,bldg_3,meter_6,water,unspecified_water_meter,2086.8508802438264,,gap
2023-01-01T04:05:00+00:00,UKDALE_house_3,bldg_3,meter_2,lighting,lighting,2113.6974866373384,86.87837203757739,good
2023-01-01T04:06:00+01:00,UKDALE_house_4,bldg_4,meter_3,lighting,lighting,964.4408331291229,130.5920013376383,good
2023-01-01T04:07:00+00:00,UKDALE_house_1,bldg_1,meter_5,other,computer,1598.372266970663,966.4109780955688,good
2023-01-01T04:08:00+01:00,UKDALE_house_4,bldg_4,meter_1,other,computer,283.6604255689937,608.4661071858095,good
2023-01-01T04:09:00+00:00,UKDALE_house_3,bldg_3,meter_1,lighting,lighting,304.01252279897744,104.58476696604717,good
2023-01-01T04:10:00+01:00,UKDALE_house_1,bldg_1,meter_9,lighting,lighting,169.2112759711976,110.44835782884778,good
2023-01-01T04:11:00+00:00,UKDALE_house_4,bldg_4,meter_7,lighting,lighting,1473.4869787690182,56.13877545620215,good
2023-01-01T04:12:00+01:00,UKDALE_house_4,bldg_4,meter_1,other,computer,1093.8738951839377,601.2681516592803,good
2023-01-01T04:13:00+00:00,UKDALE_house_3,bldg_3,meter_8,fridge,freezer,1392.6792738273882,124.96917006083707,good
2023-01-01T04:14:00+01:00,UKDALE_house_1,bldg_1,meter_3,other,microwave,1326.6293167455503,1652.6294190447225,good
2023-01-01T04:15:00+00:00,UKDALE_house_3,bldg_3,meter_8,lighting,lighting,907.9973281722891,84.7629368381539,good
2023-01-01T04:16:00+01:00,UKDALE_house_1,bldg_1,meter_5,other,computer,1709.8098663175085,,gap
2023-01-01T04:17:00+00:00,UKDALE_house_5,bldg_5,meter_1,fridge,freezer,1908.3296082451573,53.4236597486259,good
2023-01-01T04:18:00+01:00,UKDALE_house_2,bldg_2,meter_7,lighting,lighting,85.83923425030551,142.12841035710463,good
2023-01-01T04:19:00+00:00,UKDALE_house_2,bldg_2,meter_5,lighting,lighting,557.7436344337518,,gap
2023-01-01T04:20:00+01:00,UKDALE_house_2,bldg_2,meter_6,other,computer,1797.4278768041752,,gap
2023-01-01T04:21:00+00:00,UKDALE_house_3,bldg_3,meter_6,fridge,fridge,997.2194229528938,69.0821762476744,good
2023-01-01T04:22:00+01:00,UKDALE_house_5,bldg_5,meter_8,lighting,lighting,1673.08567000694,90.94448842087307,good
2023-01-01T04:23:00+00:00,UKDALE_house_1,bldg_1,meter_9,lighting,lighting,900.0585163496681,,gap
2023-01-01T04:24:00+01:00,UKDALE_house_4,bldg_4,meter_2,lighting,lighting,1007.3501232076109,164.3031727744349,good
2023-01-01T04:25:00+00:00,UKDALE_house_1,bldg_1,meter_9,other,computer,438.76324053972803,871.657664354859,good
2023-01-01T04:26:00+01:00,UKDALE_house_4,bldg_4,meter_9,other,washing_machine,682.665998182092,789.6480591306771,good
2023-01-01T04:27:00+00:00,UKDALE_house_1,bldg_1,meter_7,other,computer,1533.2588058935887,1792.3662087909145,good
2023-01-01T04:28:00+01:00,UKDALE_house_5,bldg_5,meter_1,fridge,freezer,1111.2496227221577,31.259236936793332,good
2023-01-01T04:29:00+00:00,UKDALE_house_4,bldg_4,meter_7,other,tv,1947.041573214258,,gap
2023-01-01T04:30:00+01:00,UKDALE_house_3,bldg_3,meter_5,lighting,lighting,2138.83313959894,46.84534866915274,good
2023-01-01T04:31:00+00:00,UKDALE_house_1,bldg_1,meter_6,fridge,freezer,1377.0337246310617,,gap
2023-01-01T04:32:00+01:00,UKDALE_house_1,bldg_1,meter_7,fridge,freezer,1907.7548655373448,104.15178718155576,good
2023-01-01T04:33:00+00:00,UKDALE_house_4,bldg_4,meter_5,fridge,fridge,801.9160573266965,71.02167425977105,good
2023-01-01T04:34:00+01:00,UKDALE_house_3,bldg_3,meter_7,other,washing_machine,1066.6794777301916,1579.281172161782,good
2023-01-01T04:35:00+00:00,UKDALE_house_3,bldg_3,meter_9,other,dishwasher,,,gap
2023-01-01T04:36:00+01:00,UKDALE_house_5,bldg_5,meter_3,other,kettle,996.2193824017252,446.70864113111645,good
2023-01-01T04:37:00+00:00,UKDALE_house_3,bldg_3,meter_8,lighting,lighting,1491.8370911395227,,gap
2023-01-01T04:38:00+01:00,UKDALE_house_3,bldg_3,meter_2,lighting,lighting,504.1633087521531,83.27760680894565,good
2023-01-01T04:39:00+00:00,UKDALE_house_3,bldg_3,meter_7,fridge,fridge,1519.43972167772,,gap
2023-01-01T04:40:00+01:00,UKDALE_house_2,bldg_2,meter_2,fridge,freezer,2160.708582705889,32.893223209040016,good
2023-01-01T04:41:00+00:00,UKDALE_house_5,bldg_5,meter_4,lighting,lighting,2178.167117567393,40.96260748670825,good
2023-01-01T04:42:00+01:00,UKDALE_house_1,bldg_1,meter_7,fridge,fridge,1824.6437955073723,45.25154882621271,good
2023-01-01T04:43:00+00:00,UKDALE_house_4,bldg_4,meter_3,fridge,fridge,1877.095778736509,52.714037509921134,good
2023-01-01T04:44:00+01:00,UKDALE_house_1,bldg_1,meter_2,lighting,lighting,1416.9222406192166,102.6796593440977,good
2023-01-01T04:45:00+00:00,UKDALE_house_5,bldg_5,meter_7,other,microwave,1482.4368209062707,1366.2252242012496,good
2023-01-01T04:46:00+01:00,UKDALE_house_4,bldg_4,meter_1,water,unspecified_water_meter,377.4439244557691,0.0,good
2023-01-01T04:47:00+00:00,UKDALE_house_5,bldg_5,meter_8,other,washing_machine,1137.4550116321877,1634.692966375577,good
2023-01-01T04:48:00+01:00,UKDALE_house_3,bldg_3,meter_3,other,dishwasher,1154.4018955215913,1511.9019279974307,good
2023-01-01T04:49:00+00:00,UKDALE_house_4,bldg_4,meter_2,lighting,lighting,2398.3196973859635,55.43981691962304,good
2023-01-01T04:50:00+01:00,UKDALE_house_3,bldg_3,meter_3,other,dishwasher,1106.162813427059,822.0134664036067,good
2023-01-01T04:51:00+00:00,UKDALE_house_1,bldg_1,meter_5,other,computer,,,gap
2023-01-01T04:52:00+01:00,UKDALE_house_1,bldg_1,meter_8,fridge,fridge,1356.4659282338012,,gap
2023-01-01T04:53:00+00:00,UKDALE_house_4,bldg_4,meter_7,lighting,lighting,1610.0662067586015,110.63845667213951,good
2023-01-01T04:54:00+01:00,UKDALE_house_4,bldg_4,meter_7,other,dishwasher,1883.1704367631448,,gap
2023-01-01T04:55:00+00:00,UKDALE_house_5,bldg_5,meter_7,lighting,lighting,601.3525966186367,59.27137932678918,good
2023-01-01T04:56:00+01:00,UKDALE_house_5,bldg_5,meter_8,lighting,lighting,1345.3748267911674,188.3680690352811,good
2023-01-01T04:57:00+00:00,UKDALE_house_3,bldg_3,meter_1,lighting,lighting,2073.4983829242747,103.90093267852802,good
2023-01-01T04:58:00+01:00,UKDALE_house_4,bldg_4,meter_4,fridge,fridge,1184.6310489019031,83.44638311734467,good
2023-01-01T04:59:00+00:00,UKDALE_house_1,bldg_1,meter_6,lighting,lighting,732.2209886152539,22.622087855230202,good
2023-01-01T05:00:00+01:00,UKDALE_house_5,bldg_5,meter_9,fridge,freezer,1654.0372346229328,59.687969647001495,good
2023-01-01T05:01:00+00:00,UKDALE_house_5,bldg_5,meter_2,fridge,freezer,2068.2301197078514,133.95509231786176,good
2023-01-01T05:02:00+01:00,UKDALE_house_1,bldg_1,meter_1,fridge,freezer,204.69371767210873,,gap
2023-01-01T05:03:00+00:00,UKDALE_house_5,bldg_5,meter_2,other,washing_machine,1953.1366843477065,776.4686441857618,good
2023-01-01T05:04:00+01:00,UKDALE_house_3,bldg_3,meter_7,fridge,freezer,2063.0374357563396,,gap
2023-01-01T05:05:00+00:00,UKDALE_house_4,bldg_4,meter_3,lighting,lighting,1180.7311725920868,106.10038670070006,good
2023-01-01T05:06:00+01:00,UKDALE_house_1,bldg_1,meter_2,fridge,freezer,2459.098859205245,32.52253280714606,good
2023-01-01T05:07:00+00:00,UKDALE_house_4,bldg_4,meter_7,other,kettle,1977.4354347329072,1484.3167178651497,good
2023-01-01T05:08:00+01:00,UKDALE_house_5,bldg_5,meter_2,fridge,freezer,1945.473283994381,128.98245209845243,good
2023-01-01T05:09:00+00:00,UKDALE_house_5,bldg_5,meter_3,lighting,lighting,1882.204507309576,161.79359389442658,good
2023-01-01T05:10:00+01:00,UKDALE_house_1,bldg_1,meter_7,other,washing_machine,418.9898528847713,545.8871205594569,good
2023-01-01T05:11:00+00:00,UKDALE_house_3,bldg_3,meter_4,other,tv,582.2156718098764,1515.1651318881816,good
2023-01-01T05:12:00+01:00,UKDALE_house_2,bldg_2,meter_1,fridge,fridge,1186.7758220878413,,gap
2023-01-01T05:13:00+00:00,UKDALE_house_1,bldg_1,meter_5,other,microwave,696.8106574006914,704.1641905172543,good
2023-01-01T05:14:00+01:00,UKDALE_house_2,bldg_2,meter_9,lighting,lighting,1067.340382218399,132.55939274676194,good
2023-01-01T05:15:00+00:00,UKDALE_house_2,bldg_2,meter_8,lighting,lighting,2226.7370693111557,22.22138829086732,good
2023-01-01T05:16:00+01:00,UKDALE_house_3,bldg_3,meter_9,fridge,fridge,2069.6008851042097,47.15530531209026,good
2023-01-01T05:17:00+00:00,UKDALE_house_2,bldg_2,meter_9,fridge,fridge,1593.5977022759564,119.07522458043154,good
2023-01-01T05:18:00+01:00,UKDALE_house_2,bldg_2,meter_7,other,computer,2152.3949659152036,477.28281525326776,good
2023-01-01T05:19:00+00:00,UKDALE_house_3,bldg_3,meter_4,lighting,lighting,1970.2423530922606,127.64164111917493,good
2023-01-01T05:20:00+01:00,UKDALE_house_2,bldg_2,meter_5,lighting,lighting,1101.0130830101816,89.31846850814534,good
2023-01-01T05:21:00+00:00,UKDALE_house_2,bldg_2,meter_1,other,computer,542.6096225223655,1545.9101128987074,good
2023-01-01T05:22:00+01:00,UKDALE_house_2,bldg_2,meter_1,other,microwave,1309.792548022881,1716.7267854941263,good
2023-01-01T05:23:00+00:00,UKDALE_house_1,bldg_1,meter_3,fridge,freezer,1853.7607621949478,136.02776740442283,good
2023-01-01T05:24:00+01:00,UKDALE_house_1,bldg_1,meter_8,other,computer,1119.228016887503,523.5849907137941,good
2023-01-01T05:25:00+00:00,UKDALE_house_1,bldg_1,meter_2,fridge,freezer,1683.5911789705483,53.299544285529876,good
2023-01-01T05:26:00+01:00,UKDALE_house_3,bldg_3,meter_4,other,dishwasher,281.10219441305685,880.2610638362862,good
2023-01-01T05:27:00+00:00,UKDALE_house_5,bldg_5,meter_2,other,washing_machine,1882.6116041099383,,gap
2023-01-01T05:28:00+01:00,UKDALE_house_2,bldg_2,meter_5,water,unspecified_water_meter,2041.1483687380019,0.0,good
2023-01-01T05:29:00+00:00,UKDALE_house_2,bldg_2,meter_9,fridge,fridge,1781.7527466623258,33.09712714358181,good
2023-01-01T05:30:00+01:00,UKDALE_house_3,bldg_3,meter_1,fridge,fridge,2419.7957894395954,96.39487675476,good
2023-01-01T05:31:00+00:00,UKDALE_house_2,bldg_2,meter_5,fridge,fridge,2075.297540778569,92.45392849983432,good
2023-01-01T05:32:00+01:00,UKDALE_house_1,bldg_1,meter_9,fridge,freezer,2262.5796332975187,149.3498386842312,good
2023-01-01T05:33:00+00:00,UKDALE_house_5,bldg_5,meter_1,fridge,fridge,2337.249154471238,54.22102024365097,good
2023-01-01T05:34:00+01:00,UKDALE_house_4,bldg_4,meter_9,other,washing_machine,2013.302580090831,501.68187603081975,good
2023-01-01T05:35:00+00:00,UKDALE_house_2,bldg_2,meter_8,fridge,fridge,1701.9341629159228,43.6248770791544,good
2023-01-01T05:36:00+01:00,UKDALE_house_1,bldg_1,meter_4,fridge,fridge,64.01052433393376,,gap
2023-01-01T05:37:00+00:00,UKDALE_house_4,bldg_4,meter_5,other,microwave,1191.2730953966554,1411.1696778022888,good
2023-01-01T05:38:00+01:00,UKDALE_house_5,bldg_5,meter_5,lighting,lighting,1449.3476316247845,168.02104006223254,good
2023-01-01T05:39:00+00:00,UKDALE_house_4,bldg_4,meter_6,other,microwave,794.874167497599,1629.8366289378903,good
2023-01-01T05:40:00+01:00,UKDALE_house_1,bldg_1,meter_7,fridge,fridge,829.3558949135065,,gap
2023-01-01T05:41:00+00:00,UKDALE_house_4,bldg_4,meter_8,lighting,lighting,2404.840568489905,101.21477446113026,good
2023-01-01T05:42:00+01:00,UKDALE_house_3,bldg_3,meter_8,fridge,freezer,2234.6916197467276,69.64697683987399,good
2023-01-01T05:43:00+00:00,UKDALE_house_4,bldg_4,meter_2,fridge,fridge,2130.4885634791754,100.70575372174265,good
2023-01-01T05:44:00+01:00,UKDALE_house_2,bldg_2,meter_9,other,microwave,1044.728914179971,844.9871943821894,good
2023-01-01T05:45:00+00:00,UKDALE_house_2,bldg_2,meter_7,fridge,freezer,,,gap
2023-01-01T05:46:00+01:00,UKDALE_house_3,bldg_3,meter_4,lighting,lighting,246.54450381649949,188.64701547160502,good
2023-01-01T05:47:00+00:00,UKDALE_house_1,bldg_1,meter_4,lighting,lighting,814.8811021331289,197.12567257024344,good
2023-01-01T05:48:00+01:00,UKDALE_house_2,bldg_2,meter_8,fridge,freezer,88.5701368394086,125.57812671954969,good
2023-01-01T05:49:00+00:00,UKDALE_house_5,bldg_5,meter_4,other,dishwasher,92.01696569223537,1374.3266579321246,good
2023-01-01T05:50:00+01:00,UKDALE_house_2,bldg_2,meter_6,fridge,fridge,2295.678089023907,111.66697941349217,good
2023-01-01T05:51:00+00:00,UKDALE_house_2,bldg_2,meter_5,other,computer,1780.0883301916824,340.630991583649,good
2023-01-01T05:52:00+01:00,UKDALE_house_1,bldg_1,meter_3,water,unspecified_water_meter,806.942175666974,0.0,good
2023-01-01T05:53:00+00:00,UKDALE_house_4,bldg_4,meter_2,lighting,lighting,374.97921512233523,30.639047757617814,good
2023-01-01T05:54:00+01:00,UKDALE_house_2,bldg_2,meter_9,other,kettle,1303.507508842939,1258.7710514482105,good
2023-01-01T05:55:00+00:00,UKDALE_house_3,bldg_3,meter_9,fridge,fridge,,,gap
2023-01-01T05:56:00+01:00,UKDALE_house_4,bldg_4,meter_1,lighting,lighting,2349.1136724524526,28.455138397665163,good
2023-01-01T05:57:00+00:00,UKDALE_house_5,bldg_5,meter_3,fridge,fridge,1066.2970425029207,141.36621002746176,good
2023-01-01T05:58:00+01:00,UKDALE_house_1,bldg_1,meter_8,other,kettle,1035.7206403314653,209.4961190281857,good
2023-01-01T05:59:00+00:00,UKDALE_house_5,bldg_5,meter_6,water,unspecified_water_meter,1006.9543385753664,,gap
2023-01-01T06:00:00+01:00,UKDALE_house_4,bldg_4,meter_5,fridge,fridge,219.85440945002367,64.3080640525443,good
2023-01-01T06:01:00+00:00,UKDALE_house_4,bldg_4,meter_5,other,dishwasher,1613.8894874899752,1226.6821723977328,good
2023-01-01T06:02:00+01:00,UKDALE_house_4,bldg_4,meter_6,fridge,freezer,1845.8588680894657,50.38471132853716,good
2023-01-01T06:03:00+00:00,UKDALE_house_5,bldg_5,meter_7,lighting,lighting,1706.5072240913112,29.974859919603997,good
2023-01-01T06:04:00+01:00,UKDALE_house_4,bldg_4,meter_1,lighting,lighting,389.16695865701604,79.60636804954697,good
2023-01-01T06:05:00+00:00,UKDALE_house_5,bldg_5,meter_9,water,unspecified_water_meter,1468.1584116872018,0.0,good
2023-01-01T06:06:00+01:00,UKDALE_house_4,bldg_4,meter_3,other,microwave,1445.2369862220219,1390.4502559965633,good
2023-01-01T06:07:00+00:00,UKDALE_house_3,bldg_3,meter_4,fridge,freezer,2177.606430456386,79.64144147823124,good
2023-01-01T06:08:00+01:00,UKDALE_house_4,bldg_4,meter_1,fridge,fridge,978.8627630203351,108.35675062895272,good
2023-01-01T06:09:00+00:00,UKDALE_house_5,bldg_5,meter_3,fridge,freezer,960.1405619656139,99.5542916673764,good
2023-01-01T06:10:00+01:00,UKDALE_house_2,bldg_2,meter_2,fridge,freezer,1565.3912938595547,32.666217843069646,good
2023-01-01T06:11:00+00:00,UKDALE_house_4,bldg_4,meter_2,fridge,fridge,1601.028001073807,148.6247984454848,good
2023-01-01T06:12:00+01:00,UKDALE_house_2,bldg_2,meter_1,other,tv,1199.7488069481865,122.49915543392856,good
2023-01-01T06:13:00+00:00,UKDALE_house_3,bldg_3,meter_8,lighting,lighting,1135.4954377095316,,gap
2023-01-01T06:14:00+01:00,UKDALE_house_1,bldg_1,meter_3,lighting,lighting,1260.6617930628126,118.97555210559167,good
2023-01-01T06:15:00+00:00,UKDALE_house_3,bldg_3,meter_3,fridge,freezer,2159.560983783114,145.579083247808,good
2023-01-01T06:16:00+01:00,UKDALE_house_4,bldg_4,meter_6,other,dishwasher,1179.8589080720797,250.81879897421203,good
2023-01-01T06:17:00+00:00,UKDALE_house_2,bldg_2,meter_8,other,tv,2352.832890326065,908.2149085746481,good
2023-01-01T06:18:00+01:00,UKDALE_house_2,bldg_2,meter_9,fridge,freezer,1284.8092208109988,50.34049102392704,good
2023-01-01T06:19:00+00:00,UKDALE_house_5,bldg_5,meter_9,other,dishwasher,2375.541698293184,139.2060347892742,good
2023-01-01T06:20:00+01:00,UKDALE_house_2,bldg_2,meter_4,lighting,lighting,2090.4381595792356,131.1552407112161,good
2023-01-01T06:21:00+00:00,UKDALE_house_5,bldg_5,meter_5,fridge,freezer,937.9567404087813,54.934010515402974,good
2023-01-01T06:22:00+01:00,UKDALE_house_1,bldg_1,meter_2,lighting,lighting,2165.921482176709,125.78546329175828,good
2023-01-01T06:23:00+00:00,UKDALE_house_4,bldg_4,meter_9,lighting,lighting,319.65504629273227,40.22560675081741,good
2023-01-01T06:24:00+01:00,UKDALE_house_5,bldg_5,meter_8,fridge,fridge,2316.3655795903856,69.83837657192433,good
2023-01-01T06:25:00+00:00,UKDALE_house_1,bldg_1,meter_3,other,washing_machine,1597.5266119530845,1417.8569765931825,good
2023-01-01T06:26:00+01:00,UKDALE_house_2,bldg_2,meter_9,other,tv,183.2573338796624,814.8401632238284,good
2023-01-01T06:27:00+00:00,UKDALE_house_2,bldg_2,meter_3,other,microwave,1628.4289729444884,1148.5544760703388,good
2023-01-01T06:28:00+01:00,UKDALE_house_1,bldg_1,meter_9,lighting,lighting,2436.9067526546523,136.5424293341983,good
2023-01-01T06:29:00+00:00,UKDALE_house_2,bldg_2,meter_2,lighting,lighting,221.01160380584085,171.87590791771285,good
2023-01-01T06:30:00+01:00,UKDALE_house_1,bldg_1,meter_9,other,dishwasher,,,gap
2023-01-01T06:31:00+00:00,UKDALE_house_5,bldg_5,meter_8,lighting,lighting,1882.0961569104625,143.71320126485315,good
2023-01-01T06:32:00+01:00,UKDALE_house_5,bldg_5,meter_9,fridge,freezer,2035.1335374138519,145.39389684553987,good
2023-01-01T06:33:00+00:00,UKDALE_house_1,bldg_1,meter_5,lighting,lighting,1063.87729003595,151.44380018441623,good
2023-01-01T06:34:00+01:00,UKDALE_house_5,bldg_5,meter_2,other,microwave,550.2080699621954,907.273334256053,good
2023-01-01T06:35:00+00:00,UKDALE_house_5,bldg_5,meter_8,lighting,lighting,153.7385829923404,133.52914000854724,good
2023-01-01T06:36:00+01:00,UKDALE_house_5,bldg_5,meter_6,fridge,fridge,1470.3290848882007,118.76194773157297,good
2023-01-01T06:37:00+00:00,UKDALE_house_3,bldg_3,meter_8,other,washing_machine,1159.6321221556464,1121.4825899642767,good
2023-01-01T06:38:00+01:00,UKDALE_house_4,bldg_4,meter_5,fridge,freezer,2374.423768116792,32.0010976187807,good
2023-01-01T06:39:00+00:00,UKDALE_house_2,bldg_2,meter_2,fridge,fridge,198.48202390152898,,gap
2023-01-01T06:40:00+01:00,UKDALE_house_3,bldg_3,meter_6,fridge,fridge,1729.2185914427141,,gap
2023-01-01T06:41:00+00:00,UKDALE_house_5,bldg_5,meter_5,fridge,fridge,111.16724419414007,62.71807767749816,good
2023-01-01T06:42:00+01:00,UKDALE_house_1,bldg_1,meter_5,other,tv,470.0137329408297,1330.2337092319844,good
2023-01-01T06:43:00+00:00,UKDALE_house_5,bldg_5,meter_1,lighting,lighting,1161.2685498109436,,gap
2023-01-01T06:44:00+01:00,UKDALE_house_4,bldg_4,meter_2,fridge,fridge,1164.437484867027,92.62611937895318,good
2023-01-01T06:45:00+00:00,UKDALE_house_5,bldg_5,meter_8,other,dishwasher,1729.9663301874275,,gap
2023-01-01T06:46:00+01:00,UKDALE_house_1,bldg_1,meter_3,other,tv,,,gap
2023-01-01T06:47:00+00:00,UKDALE_house_4,bldg_4,meter_3,other,tv,1615.628789341556,1725.0946861586606,good
2023-01-01T06:48:00+01:00,UKDALE_house_5,bldg_5,meter_8,fridge,freezer,2386.1609897361964,136.8165664136297,good
2023-01-01T06:49:00+00:00,UKDALE_house_4,bldg_4,meter_8,lighting,lighting,2209.958317701094,137.40951996182903,good
2023-01-01T06:50:00+01:00,UKDALE_house_2,bldg_2,meter_2,water,unspecified_water_meter,,,gap
2023-01-01T06:51:00+00:00,UKDALE_house_2,bldg_2,meter_8,other,dishwasher,2092.790279751127,854.3780454250405,good
2023-01-01T06:52:00+01:00,UKDALE_house_5,bldg_5,meter_1,fridge,fridge,1624.3151452929035,,gap
2023-01-01T06:53:00+00:00,UKDALE_house_4,bldg_4,meter_6,fridge,freezer,242.4666857631315,104.23323469127268,good
2023-01-01T06:54:00+01:00,UKDALE_house_1,bldg_1,meter_8,lighting,lighting,1864.3835719857993,122.33940600883018,good
2023-01-01T06:55:00+00:00,UKDALE_house_5,bldg_5,meter_3,other,washing_machine,282.5256811049982,153.55987576119819,good
2023-01-01T06:56:00+01:00,UKDALE_house_2,bldg_2,meter_8,lighting,lighting,1505.5028123957954,,gap
2023-01-01T06:57:00+00:00,UKDALE_house_2,bldg_2,meter_1,lighting,lighting,1771.4685043526606,158.4056080228103,good
2023-01-01T06:58:00+01:00,UKDALE_house_5,bldg_5,meter_9,fridge,freezer,212.99264011659534,149.28979855746906,good
2023-01-01T06:59:00+00:00,UKDALE_house_4,bldg_4,meter_9,other,washing_machine,615.4469021200028,69.38746704004194,good
2023-01-01T07:00:00+01:00,UKDALE_house_2,bldg_2,meter_5,other,kettle,2293.396969041042,1327.803543293684,good
2023-01-01T07:01:00+00:00,UKDALE_house_4,bldg_4,meter_4,lighting,lighting,1559.9705059705962,122.92207686847648,good
2023-01-01T07:02:00+01:00,UKDALE_house_2,bldg_2,meter_6,other,kettle,653.4007460858023,809.5913081416742,good
2023-01-01T07:03:00+00:00,UKDALE_house_2,bldg_2,meter_7,water,unspecified_water_meter,1742.1654393126162,0.0,good
2023-01-01T07:04:00+01:00,UKDALE_house_3,bldg_3,meter_5,fridge,fridge,1512.1022289061395,45.3084209485645,good
2023-01-01T07:05:00+00:00,UKDALE_house_2,bldg_2,meter_9,lighting,lighting,1278.8604647989735,93.63532675427771,good
2023-01-01T07:06:00+01:00,UKDALE_house_1,bldg_1,meter_3,fridge,fridge,2441.658088720805,72.52526195833624,good
2023-01-01T07:07:00+00:00,UKDALE_house_5,bldg_5,meter_7,other,kettle,1724.461754648397,579.9523057127989,good
2023-01-01T07:08:00+01:00,UKDALE_house_5,bldg_5,meter_5,lighting,lighting,969.830718686386,151.55833219799737,good
2023-01-01T07:09:00+00:00,UKDALE_house_4,bldg_4,meter_7,other,washing_machine,2010.1799085883265,1276.2696622474616,good
2023-01-01T07:10:00+01:00,UKDALE_house_2,bldg_2,meter_2,other,dishwasher,2217.22906765691,1080.7851592165953,good
2023-01-01T07:11:00+00:00,UKDALE_house_1,bldg_1,meter_4,lighting,lighting,356.790370816237,188.959666392807,good
2023-01-01T07:12:00+01:00,UKDALE_house_4,bldg_4,meter_2,other,dishwasher,541.3547957209029,662.2451723164953,good
2023-01-01T07:13:00+00:00,UKDALE_house_3,bldg_3,meter_7,lighting,lighting,579.7561723630603,63.884348787832316,good
2023-01-01T07:14:00+01:00,UKDALE_house_4,bldg_4,meter_2,fridge,fridge,1743.4689329970238,108.70839757180795,good
2023-01-01T07:15:00+00:00,UKDALE_house_4,bldg_4,meter_1,other,computer,1527.4469098805441,397.9246066404552,good
2023-01-01T07:16:00+01:00,UKDALE_house_2,bldg_2,meter_9,other,washing_machine,1566.5293335115412,,gap
2023-01-01T07:17:00+00:00,UKDALE_house_3,bldg_3,meter_1,fridge,fridge,2354.8945842392773,56.95229280898618,good
2023-01-01T07:18:00+01:00,UKDALE_house_4,bldg_4,meter_8,other,kettle,1950.9832553778997,171.01874350737717,good
2023-01-01T07:19:00+00:00,UKDALE_house_1,bldg_1,meter_2,other,washing_machine,363.4454650538688,1498.1227978624283,good
2023-01-01T07:20:00+01:00,UKDALE_house_1,bldg_1,meter_8,fridge,freezer,901.3923519416935,60.54486515059934,good
2023-01-01T07:21:00+00:00,UKDALE_house_5,bldg_5,meter_3,water,unspecified_water_meter,1116.7144331305522,,gap
2023-01-01T07:22:00+01:00,UKDALE_house_3,bldg_3,meter_6,fridge,freezer,1020.105892431632,86.76330040116248,good
2023-01-01T07:23:00+00:00,UKDALE_house_3,bldg_3,meter_3,fridge,fridge,1689.806092446604,35.19783279051743,good
2023-01-01T07:24:00+01:00,UKDALE_house_5,bldg_5,meter_7,fridge,freezer,2235.1381029785784,113.92073595031717,good
2023-01-01T07:25:00+00:00,UKDALE_house_4,bldg_4,meter_9,other,tv,799.8260856308306,628.481754036009,good
2023-01-01T07:26:00+01:00,UKDALE_house_3,bldg_3,meter_2,other,dishwasher,1402.0989842319048,1353.2892737011175,good
2023-01-01T07:27:00+00:00,UKDALE_house_1,bldg_1,meter_5,fridge,fridge,,,gap
2023-01-01T07:28:00+01:00,UKDALE_house_1,bldg_1,meter_6,lighting,lighting,1069.734244171106,55.23600915301243,good
2023-01-01T07:29:00+00:00,UKDALE_house_2,bldg_2,meter_4,other,dishwasher,461.88941457827485,,gap
2023-01-01T07:30:00+01:00,UKDALE_house_3,bldg_3,meter_4,fridge,fridge,1213.629864896183,45.660547156492775,good
2023-01-01T07:31:00+00:00,UKDALE_house_4,bldg_4,meter_4,other,washing_machine,185.29517582041976,820.9435297777408,good
2023-01-01T07:32:00+01:00,UKDALE_house_5,bldg_5,meter_2,other,microwave,2358.8394623055783,605.2845854858515,good
2023-01-01T07:33:00+00:00,UKDALE_house_5,bldg_5,meter_4,lighting,lighting,233.31195272768394,184.15272515593398,good
2023-01-01T07:34:00+01:00,UKDALE_house_4,bldg_4,meter_1,water,unspecified_water_meter,1124.2189523639165,0.0,good
2023-01-01T07:35:00+00:00,UKDALE_house_2,bldg_2,meter_6,lighting,lighting,1348.2090896668892,30.96716990972959,good
2023-01-01T07:36:00+01:00,UKDALE_house_5,bldg_5,meter_1,water,unspecified_water_meter,2463.9943891038492,0.0,good
2023-01-01T07:37:00+00:00,UKDALE_house_3,bldg_3,meter_6,other,dishwasher,456.7534679250089,,gap
2023-01-01T07:38:00+01:00,UKDALE_house_2,bldg_2,meter_1,other,kettle,330.3572206002785,369.8145404780128,good
2023-01-01T07:39:00+00:00,UKDALE_house_3,bldg_3,meter_6,fridge,freezer,71.33006030323176,68.28540891986879,good
2023-01-01T07:40:00+01:00,UKDALE_house_1,bldg_1,meter_8,other,kettle,431.15002032979066,777.1496103586154,good
2023-01-01T07:41:00+00:00,UKDALE_house_2,bldg_2,meter_2,lighting,lighting,557.8187987157856,183.44271608749537,good
2023-01-01T07:42:00+01:00,UKDALE_house_5,bldg_5,meter_2,fridge,freezer,1594.923306878576,59.10939192885902,good
2023-01-01T07:43:00+00:00,UKDALE_house_2,bldg_2,meter_4,fridge,freezer,588.281636458931,40.957056305360425,good
2023-01-01T07:44:00+01:00,UKDALE_house_2,bldg_2,meter_3,lighting,lighting,100.27599608684676,77.36412871829424,good
2023-01-01T07:45:00+00:00,UKDALE_house_2,bldg_2,meter_4,lighting,lighting,2075.2149464810973,38.841674696396,good
2023-01-01T07:46:00+01:00,UKDALE_house_2,bldg_2,meter_7,other,tv,945.7094674597186,275.0438504309669,good
2023-01-01T07:47:00+00:00,UKDALE_house_3,bldg_3,meter_1,other,dishwasher,916.5568821227981,1054.2385464562967,good
2023-01-01T07:48:00+01:00,UKDALE_house_1,bldg_1,meter_6,fridge,freezer,791.0736214614201,37.3082319719392,good
2023-01-01T07:49:00+00:00,UKDALE_house_4,bldg_4,meter_3,other,microwave,2439.6645290087313,104.12904243874056,good
2023-01-01T07:50:00+01:00,UKDALE_house_2,bldg_2,meter_7,fridge,fridge,466.7827724077396,,gap
2023-01-01T07:51:00+00:00,UKDALE_house_5,bldg_5,meter_2,other,washing_machine,2250.683256685426,682.8824159718279,good
2023-01-01T07:52:00+01:00,UKDALE_house_2,bldg_2,meter_2,other,kettle,1953.1681637427255,,gap
2023-01-01T07:53:00+00:00,UKDALE_house_5,bldg_5,meter_4,lighting,lighting,237.37589097331704,65.65029875474748,good
2023-01-01T07:54:00+01:00,UKDALE_house_3,bldg_3,meter_1,other,kettle,2467.4862986770795,,gap
2023-01-01T07:55:00+00:00,UKDALE_house_5,bldg_5,meter_3,fridge,fridge,714.8466106705758,63.06438805690214,good
2023-01-01T07:56:00+01:00,UKDALE_house_4,bldg_4,meter_9,lighting,lighting,291.5281712049102,109.01380252167343,good
2023-01-01T07:57:00+00:00,UKDALE_house_1,bldg_1,meter_7,other,microwave,2081.8198736081104,262.9667867716765,good
2023-01-01T07:58:00+01:00,UKDALE_house_5,bldg_5,meter_7,lighting,lighting,1781.3550575103648,125.85685476898045,good
2023-01-01T07:59:00+00:00,UKDALE_house_5,bldg_5,meter_4,lighting,lighting,1562.186074400857,76.89398309178753,good
2023-01-01T08:00:00+01:00,UKDALE_house_1,bldg_1,meter_2,lighting,lighting,432.15311606238623,132.85431821516897,good
2023-01-01T08:01:00+00:00,UKDALE_house_4,bldg_4,meter_4,other,kettle,1222.3154848271067,1464.69104403204,good
2023-01-01T08:02:00+01:00,UKDALE_house_2,bldg_2,meter_6,fridge,fridge,1962.3622658736738,103.3975703267991,good
2023-01-01T08:03:00+00:00,UKDALE_house_5,bldg_5,meter_3,fridge,freezer,793.8786484524086,65.48970751140249,good
2023-01-01T08:04:00+01:00,UKDALE_house_1,bldg_1,meter_1,other,microwave,813.6400798618515,497.55147770952567,good
2023-01-01T08:05:00+00:00,UKDALE_house_3,bldg_3,meter_8,other,tv,57.695219817899186,622.986677783534,good
2023-01-01T08:06:00+01:00,UKDALE_house_1,bldg_1,meter_5,fridge,fridge,476.8963340311799,49.75446158838058,good
2023-01-01T08:07:00+00:00,UKDALE_house_3,bldg_3,meter_5,fridge,fridge,2194.743781548494,51.740622102002405,good
2023-01-01T08:08:00+01:00,UKDALE_house_4,bldg_4,meter_4,fridge,freezer,1132.2789045123823,124.88293222802015,good
2023-01-01T08:09:00+00:00,UKDALE_house_2,bldg_2,meter_6,fridge,fridge,2461.3745231243633,76.16790918089339,good
2023-01-01T08:10:00+01:00,UKDALE_house_1,bldg_1,meter_3,lighting,lighting,1019.4845107557918,98.47913250270545,good
2023-01-01T08:11:00+00:00,UKDALE_house_5,bldg_5,meter_9,other,washing_machine,1802.206814211591,1089.5865647419196,good
2023-01-01T08:12:00+01:00,UKDALE_house_4,bldg_4,meter_5,other,washing_machine,740.7016551165864,1081.8936165152084,good
2023-01-01T08:13:00+00:00,UKDALE_house_1,bldg_1,meter_3,other,tv,941.3336207952871,167.90952516337,good
2023-01-01T08:14:00+01:00,UKDALE_house_5,bldg_5,meter_1,lighting,lighting,,,gap
2023-01-01T08:15:00+00:00,UKDALE_house_1,bldg_1,meter_6,other,washing_machine,900.3028028235177,360.321468141894,good
2023-01-01T08:16:00+01:00,UKDALE_house_3,bldg_3,meter_2,lighting,lighting,1390.7319250305757,150.1528944889404,good
2023-01-01T08:17:00+00:00,UKDALE_house_1,bldg_1,meter_3,water,unspecified_water_meter,2479.843558399161,,gap
2023-01-01T08:18:00+01:00,UKDALE_house_1,bldg_1,meter_1,other,dishwasher,1677.2941970258748,1402.1742292242916,good
2023-01-01T08:19:00+00:00,UKDALE_house_1,bldg_1,meter_9,fridge,freezer,538.1525883003694,,gap
2023-01-01T08:20:00+01:00,UKDALE_house_4,bldg_4,meter_8,other,washing_machine,160.15553189930029,1063.210881469754,good
2023-01-01T08:21:00+00:00,UKDALE_house_1,bldg_1,meter_2,fridge,fridge,,,gap
2023-01-01T08:22:00+01:00,UKDALE_house_5,bldg_5,meter_8,other,tv,1428.260243118966,680.6571116355487,good
2023-01-01T08:23:00+00:00,UKDALE_house_3,bldg_3,meter_9,fridge,freezer,1924.6428056010775,102.58073152350974,good
2023-01-01T08:24:00+01:00,UKDALE_house_3,bldg_3,meter_1,fridge,fridge,2354.02705788683,,gap
2023-01-01T08:25:00+00:00,UKDALE_house_1,bldg_1,meter_5,other,microwave,88.76677139221101,,gap
2023-01-01T08:26:00+01:00,UKDALE_house_4,bldg_4,meter_8,fridge,freezer,1330.762346826581,67.05627304195384,good
2023-01-01T08:27:00+00:00,UKDALE_house_4,bldg_4,meter_2,other,tv,1203.625022746783,563.6858868026558,good
2023-01-01T08:28:00+01:00,UKDALE_house_5,bldg_5,meter_4,fridge,fridge,1657.3348038404747,61.91972317111896,good
2023-01-01T08:29:00+00:00,UKDALE_house_1,bldg_1,meter_7,other,computer,1420.9681934400878,632.3665206813921,good
2023-01-01T08:30:00+01:00,UKDALE_house_3,bldg_3,meter_3,other,dishwasher,1733.2459189270774,,gap
2023-01-01T08:31:00+00:00,UKDALE_house_4,bldg_4,meter_5,lighting,lighting,1662.3023326355164,,gap
2023-01-01T08:32:00+01:00,UKDALE_house_1,bldg_1,meter_8,fridge,fridge,336.67872590196816,109.50815012865421,good
2023-01-01T08:33:00+00:00,UKDALE_house_4,bldg_4,meter_3,fridge,freezer,2009.308888365863,126.92613839777755,good
2023-01-01T08:34:00+01:00,UKDALE_house_4,bldg_4,meter_4,fridge,freezer,351.9198105049959,136.30967945969098,good
2023-01-01T08:35:00+00:00,UKDALE_house_3,bldg_3,meter_9,fridge,fridge,1761.4000317623859,127.92948508120216,good
2023-01-01T08:36:00+01:00,UKDALE_house_2,bldg_2,meter_7,other,microwave,1069.5561507194866,83.1544559051205,good
2023-01-01T08:37:00+00:00,UKDALE_house_5,bldg_5,meter_1,other,dishwasher,1308.9342997126648,,gap
2023-01-01T08:38:00+01:00,UKDALE_house_5,bldg_5,meter_4,other,tv,2263.080135220491,414.69925383208033,good
2023-01-01T08:39:00+00:00,UKDALE_house_3,bldg_3,meter_4,other,tv,2230.215129860042,282.6240747389696,good
2023-01-01T08:40:00+01:00,UKDALE_house_4,bldg_4,meter_9,other,kettle,2053.7479488548224,1167.3553733984872,good
2023-01-01T08:41:00+00:00,UKDALE_house_1,bldg_1,meter_6,other,washing_machine,1299.863532117992,609.5505919634661,good
2023-01-01T08:42:00+01:00,UKDALE_house_4,bldg_4,meter_9,fridge,freezer,1853.787534827891,36.85405960445319,good
2023-01-01T08:43:00+00:00,UKDALE_house_3,bldg_3,meter_6,other,computer,1306.597786021083,290.85203519713235,good
2023-01-01T08:44:00+01:00,UKDALE_house_5,bldg_5,meter_6,other,dishwasher,2180.5349020632048,51.626479522431865,good
2023-01-01T08:45:00+00:00,UKDALE_house_4,bldg_4,meter_5,lighting,lighting,1036.8007914206046,182.58025292204732,good
2023-01-01T08:46:00+01:00,UKDALE_house_5,bldg_5,meter_5,fridge,freezer,2427.076593816448,32.95415806094863,good
2023-01-01T08:47:00+00:00,UKDALE_house_1,bldg_1,meter_2,lighting,lighting,2334.19075766075,57.70203851171199,good
2023-01-01T08:48:00+01:00,UKDALE_house_5,bldg_5,meter_8,lighting,lighting,1866.9264176568745,94.92730052382332,good
2023-01-01T08:49:00+00:00,UKDALE_house_5,bldg_5,meter_8,other,kettle,734.5689162313764,673.9998204139334,good
2023-01-01T08:50:00+01:00,UKDALE_house_2,bldg_2,meter_1,lighting,lighting,372.55129254348304,184.11065784429962,good
2023-01-01T08:51:00+00:00,UKDALE_house_2,bldg_2,meter_8,lighting,lighting,2144.0234527283337,27.25201023221758,good
2023-01-01T08:52:00+01:00,UKDALE_house_2,bldg_2,meter_5,water,unspecified_water_meter,454.99060103800514,0.0,good
2023-01-01T08:53:00+00:00,UKDALE_house_5,bldg_5,meter_2,fridge,fridge,2142.9389330434724,,gap
2023-01-01T08:54:00+01:00,UKDALE_house_3,bldg_3,meter_2,lighting,lighting,1252.3742664452832,142.4863032543873,good
2023-01-01T08:55:00+00:00,UKDALE_house_5,bldg_5,meter_6,fridge,freezer,1046.0641203298553,,gap
2023-01-01T08:56:00+01:00,UKDALE_house_3,bldg_3,meter_9,other,microwave,,,gap
2023-01-01T08:57:00+00:00,UKDALE_house_3,bldg_3,meter_1,other,washing_machine,1529.434907223681,1456.5716630205848,good
2023-01-01T08:58:00+01:00,UKDALE_house_2,bldg_2,meter_6,fridge,fridge,1462.7043174678086,40.04699254144181,good
2023-01-01T08:59:00+00:00,UKDALE_house_4,bldg_4,meter_9,other,kettle,1418.9765643297742,725.3941441396229,good
2023-01-01T09:00:00+01:00,UKDALE_house_1,bldg_1,meter_8,fridge,fridge,959.365314247852,74.8736561374881,good
2023-01-01T09:01:00+00:00,UKDALE_house_2,bldg_2,meter_6,other,washing_machine,1974.8256036463617,1601.004378797506,good
2023-01-01T09:02:00+01:00,UKDALE_house_2,bldg_2,meter_3,other,tv,669.3561878386439,,gap
2023-01-01T09:03:00+00:00,UKDALE_house_4,bldg_4,meter_8,other,dishwasher,2350.2926521011236,315.80080158910295,good
2023-01-01T09:04:00+01:00,UKDALE_house_1,bldg_1,meter_9,fridge,freezer,2240.2637523650537,69.42697798629581,good
2023-01-01T09:05:00+00:00,UKDALE_house_5,bldg_5,meter_1,water,unspecified_water_meter,876.8267979035005,0.0,good
2023-01-01T09:06:00+01:00,UKDALE_house_5,bldg_5,meter_9,other,tv,1837.1862360875762,145.31558289196576,good
2023-01-01T09:07:00+00:00,UKDALE_house_2,bldg_2,meter_6,fridge,freezer,1454.396826401499,51.89496487829881,good
2023-01-01T09:08:00+01:00,UKDALE_house_1,bldg_1,meter_6,other,microwave,877.2407898981247,1739.1168674550365,good
2023-01-01T09:09:00+00:00,UKDALE_house_2,bldg_2,meter_4,fridge,freezer,2471.8780375888446,81.38207278406074,good
2023-01-01T09:10:00+01:00,UKDALE_house_3,bldg_3,meter_1,other,washing_machine,111.8314973282473,1156.0336147392638,good
2023-01-01T09:11:00+00:00,UKDALE_house_2,bldg_2,meter_8,fridge,freezer,668.9827750221523,117.13335112135643,good
2023-01-01T09:12:00+01:00,UKDALE_house_2,bldg_2,meter_2,other,kettle,1324.1814497223186,692.1824622626009,good
2023-01-01T09:13:00+00:00,UKDALE_house_5,bldg_5,meter_1,lighting,lighting,1328.7848585224815,,gap
2023-01-01T09:14:00+01:00,UKDALE_house_5,bldg_5,meter_2,fridge,fridge,1492.8860336166322,54.789721946613696,good
2023-01-01T09:15:00+00:00,UKDALE_house_5,bldg_5,meter_1,fridge,fridge,1891.6066214561522,67.59197718967324,good
2023-01-01T09:16:00+01:00,UKDALE_house_3,bldg_3,meter_1,fridge,fridge,1577.5206847722761,106.32821044226708,good
2023-01-01T09:17:00+00:00,UKDALE_house_5,bldg_5,meter_9,lighting,lighting,1520.6895782936906,91.69049883602979,good
2023-01-01T09:18:00+01:00,UKDALE_house_1,bldg_1,meter_1,fridge,freezer,181.11043413695606,,gap
2023-01-01T09:19:00+00:00,UKDALE_house_4,bldg_4,meter_4,lighting,lighting,972.4992050837809,114.21329331214494,good
2023-01-01T09:20:00+01:00,UKDALE_house_1,bldg_1,meter_6,fridge,freezer,618.5365622678322,140.58160702889015,good
2023-01-01T09:21:00+00:00,UKDALE_house_1,bldg_1,meter_7,fridge,fridge,700.1567734248398,127.44931332104149,good
2023-01-01T09:22:00+01:00,UKDALE_house_5,bldg_5,meter_2,other,tv,1408.1268121338449,1494.1198997043543,good
2023-01-01T09:23:00+00:00,UKDALE_house_4,bldg_4,meter_6,fridge,fridge,538.7880215775407,,gap
2023-01-01T09:24:00+01:00,UKDALE_house_4,bldg_4,meter_7,other,computer,770.175297491399,616.5289448182414,good
2023-01-01T09:25:00+00:00,UKDALE_house_4,bldg_4,meter_2,other,tv,630.8575358674832,1389.089209070186,good
2023-01-01T09:26:00+01:00,UKDALE_house_3,bldg_3,meter_2,other,computer,2373.8322108845773,300.53237616958774,good
2023-01-01T09:27:00+00:00,UKDALE_house_5,bldg_5,meter_7,lighting,lighting,2364.4310438191833,138.38890650967164,good
2023-01-01T09:28:00+01:00,UKDALE_house_4,bldg_4,meter_1,other,kettle,1544.3568185603267,1172.7449916987403,good
2023-01-01T09:29:00+00:00,UKDALE_house_3,bldg_3,meter_8,fridge,fridge,2315.080048393155,33.06837589076816,good
2023-01-01T09:30:00+01:00,UKDALE_house_2,bldg_2,meter_3,fridge,fridge,1975.2409813975141,124.55641603091179,good
2023-01-01T09:31:00+00:00,UKDALE_house_2,bldg_2,meter_6,fridge,fridge,1495.3723128644315,138.38977261141565,good
2023-01-01T09:32:00+01:00,UKDALE_house_3,bldg_3,meter_9,other,dishwasher,65.76626816714949,517.9767373261884,good
2023-01-01T09:33:00+00:00,UKDALE_house_3,bldg_3,meter_6,fridge,freezer,1942.6649008945399,127.4868869023381,good
2023-01-01T09:34:00+01:00,UKDALE_house_5,bldg_5,meter_9,lighting,lighting,1771.0964368917487,34.83307493515068,good
2023-01-01T09:35:00+00:00,UKDALE_house_5,bldg_5,meter_7,water,unspecified_water_meter,1557.3714505419143,0.0,good
2023-01-01T09:36:00+01:00,UKDALE_house_2,bldg_2,meter_9,other,computer,1913.0395636220558,1099.9437519568655,good
2023-01-01T09:37:00+00:00,UKDALE_house_4,bldg_4,meter_2,lighting,lighting,1306.659303698176,107.41643576016989,good
2023-01-01T09:38:00+01:00,UKDALE_house_2,bldg_2,meter_8,fridge,fridge,1775.0040147372808,,gap
2023-01-01T09:39:00+00:00,UKDALE_house_4,bldg_4,meter_8,other,kettle,2341.1716124799086,1670.859103297604,good
2023-01-01T09:40:00+01:00,UKDALE_house_4,bldg_4,meter_2,lighting,lighting,970.7222888229114,176.83674450443363,good
2023-01-01T09:41:00+00:00,UKDALE_house_5,bldg_5,meter_4,fridge,freezer,1784.8984955065323,124.21003886877085,good
2023-01-01T09:42:00+01:00,UKDALE_house_1,bldg_1,meter_7,fridge,freezer,1215.4351541268488,,gap
2023-01-01T09:43:00+00:00,UKDALE_house_1,bldg_1,meter_4,other,computer,1702.2791469442548,1645.6826002006603,good
2023-01-01T09:44:00+01:00,UKDALE_house_3,bldg_3,meter_4,other,tv,1919.088672108192,220.6384618117817,good
2023-01-01T09:45:00+00:00,UKDALE_house_5,bldg_5,meter_6,other,tv,161.3586260677001,1543.3261289778786,good
2023-01-01T09:46:00+01:00,UKDALE_house_4,bldg_4,meter_6,other,dishwasher,1634.1710876742216,624.2801266188136,good
2023-01-01T09:47:00+00:00,UKDALE_house_1,bldg_1,meter_3,lighting,lighting,605.5159017970142,29.679016099157007,good
2023-01-01T09:48:00+01:00,UKDALE_house_4,bldg_4,meter_9,lighting,lighting,1691.5797176285387,140.4842571633347,good
2023-01-01T09:49:00+00:00,UKDALE_house_1,bldg_1,meter_2,lighting,lighting,1197.408955537843,61.630387096871985,good
2023-01-01T09:50:00+01:00,UKDALE_house_1,bldg_1,meter_6,fridge,fridge,1945.2042175689737,59.22853510375583,good
2023-01-01T09:51:00+00:00,UKDALE_house_1,bldg_1,meter_7,lighting,lighting,352.3319972537112,75.08848992117888,good
2023-01-01T09:52:00+01:00,UKDALE_house_5,bldg_5,meter_9,other,washing_machine,1584.489761557678,161.44834312940426,good
2023-01-01T09:53:00+00:00,UKDALE_house_2,bldg_2,meter_3,other,computer,732.2532858725032,359.97250234694457,good
2023-01-01T09:54:00+01:00,UKDALE_house_4,bldg_4,meter_3,other,dishwasher,2139.8058885599494,58.99434827473053,good
2023-01-01T09:55:00+00:00,UKDALE_house_5,bldg_5,meter_7,lighting,lighting,2324.5395888089533,100.17371379904162,good
2023-01-01T09:56:00+01:00,UKDALE_house_5,bldg_5,meter_4,other,dishwasher,2491.175819513686,197.44691048144975,good
2023-01-01T09:57:00+00:00,UKDALE_house_5,bldg_5,meter_8,other,dishwasher,2000.218135946844,,gap
2023-01-01T09:58:00+01:00,UKDALE_house_5,bldg_5,meter_7,lighting,lighting,1896.6484725486112,62.412113214496706,good
2023-01-01T09:59:00+00:00,UKDALE_house_5,bldg_5,meter_5,other,computer,577.9768592255001,1701.25475206156,good
2023-01-01T10:00:00+01:00,UKDALE_house_3,bldg_3,meter_7,fridge,fridge,873.2172945257664,134.5501952878383,good
2023-01-01T10:01:00+00:00,UKDALE_house_4,bldg_4,meter_3,lighting,lighting,1190.9222273175849,72.09936109427748,good
2023-01-01T10:02:00+01:00,UKDALE_house_5,bldg_5,meter_2,fridge,fridge,1944.7835670665118,123.98585455880145,good
2023-01-01T10:03:00+00:00,UKDALE_house_4,bldg_4,meter_6,lighting,lighting,2291.666369441023,164.58408283966511,good
2023-01-01T10:04:00+01:00,UKDALE_house_3,bldg_3,meter_2,lighting,lighting,513.3907950563123,,gap
2023-01-01T10:05:00+00:00,UKDALE_house_3,bldg_3,meter_3,other,dishwasher,2309.800337441752,1096.2199769799486,good
2023-01-01T10:06:00+01:00,UKDALE_house_4,bldg_4,meter_6,water,unspecified_water_meter,1754.280398267442,0.0,good
2023-01-01T10:07:00+00:00,UKDALE_house_1,bldg_1,meter_5,other,kettle,1546.3882901783447,193.44003562640884,good
2023-01-01T10:08:00+01:00,UKDALE_house_2,bldg_2,meter_8,other,tv,539.6111146407518,1181.9651506211667,good
2023-01-01T10:09:00+00:00,UKDALE_house_1,bldg_1,meter_9,lighting,lighting,186.03633038241887,132.49635470768635,good
2023-01-01T10:10:00+01:00,UKDALE_house_1,bldg_1,meter_3,other,tv,1442.7390013444528,1167.1135104857556,good
2023-01-01T10:11:00+00:00,UKDALE_house_1,bldg_1,meter_3,fridge,fridge,1646.2134241557865,,gap
2023-01-01T10:12:00+01:00,UKDALE_house_5,bldg_5,meter_3,fridge,freezer,566.4145509189862,,gap
2023-01-01T10:13:00+00:00,UKDALE_house_3,bldg_3,meter_6,lighting,lighting,1413.3177042723682,192.70499293197415,good
2023-01-01T10:14:00+01:00,UKDALE_house_1,bldg_1,meter_1,lighting,lighting,2148.4088367683053,59.18825233606727,good
2023-01-01T10:15:00+00:00,UKDALE_house_3,bldg_3,meter_7,fridge,freezer,2095.911566364799,40.578258976397336,good
2023-01-01T10:16:00+01:00,UKDALE_house_4,bldg_4,meter_1,fridge,freezer,2322.0201924364283,53.34420398021809,good
2023-01-01T10:17:00+00:00,UKDALE_house_2,bldg_2,meter_5,fridge,freezer,946.4202334143571,128.46625671068625,good
2023-01-01T10:18:00+01:00,UKDALE_house_4,bldg_4,meter_8,water,unspecified_water_meter,829.2214527497508,0.0,good
2023-01-01T10:19:00+00:00,UKDALE_house_4,bldg_4,meter_4,fridge,fridge,1886.0937146529811,111.1973561783817,good
2023-01-01T10:20:00+01:00,UKDALE_house_5,bldg_5,meter_5,lighting,lighting,1106.2253924876622,134.4885216210428,good
2023-01-01T10:21:00+00:00,UKDALE_house_2,bldg_2,meter_4,fridge,fridge,264.49422686806247,78.21517621313095,good
2023-01-01T10:22:00+01:00,UKDALE_house_4,bldg_4,meter_4,other,washing_machine,742.8627701427243,1061.1989501450125,good
2023-01-01T10:23:00+00:00,UKDALE_house_4,bldg_4,meter_8,fridge,fridge,1075.5265995521484,66.94489503292408,good
2023-01-01T10:24:00+01:00,UKDALE_house_2,bldg_2,meter_2,fridge,freezer,766.6652424168174,87.26400953015536,good
2023-01-01T10:25:00+00:00,UKDALE_house_2,bldg_2,meter_1,lighting,lighting,863.903648820938,162.75134510671805,good
2023-01-01T10:26:00+01:00,UKDALE_house_4,bldg_4,meter_3,fridge,fridge,769.7509701272573,,gap
2023-01-01T10:27:00+00:00,UKDALE_house_2,bldg_2,meter_9,fridge,freezer,151.67295959854465,141.8986708307762,good
2023-01-01T10:28:00+01:00,UKDALE_house_4,bldg_4,meter_4,fridge,freezer,1610.8820170198842,142.06391314154985,good
2023-01-01T10:29:00+00:00,UKDALE_house_4,bldg_4,meter_5,fridge,fridge,1513.3664298659999,78.26684818165349,good
2023-01-01T10:30:00+01:00,UKDALE_house_5,bldg_5,meter_2,fridge,fridge,1650.7895712727675,86.25478566081492,good
2023-01-01T10:31:00+00:00,UKDALE_house_1,bldg_1,meter_4,fridge,freezer,521.1592452823872,114.67624756427779,good
2023-01-01T10:32:00+01:00,UKDALE_house_4,bldg_4,meter_2,other,dishwasher,774.3536269505889,1663.8358740897474,good
2023-01-01T10:33:00+00:00,UKDALE_house_3,bldg_3,meter_2,lighting,lighting,1568.0590210150597,45.55896668337524,good
2023-01-01T10:34:00+01:00,UKDALE_house_1,bldg_1,meter_4,lighting,lighting,1519.0875427268074,74.76353548889523,good
2023-01-01T10:35:00+00:00,UKDALE_house_1,bldg_1,meter_6,fridge,fridge,1290.5092579179561,46.709621351293144,good
2023-01-01T10:36:00+01:00,UKDALE_house_1,bldg_1,meter_7,other,computer,908.5124625249837,1121.0149274290468,good
2023-01-01T10:37:00+00:00,UKDALE_house_5,bldg_5,meter_3,lighting,lighting,2286.6809616979904,75.13417943975676,good
2023-01-01T10:38:00+01:00,UKDALE_house_4,bldg_4,meter_3,fridge,fridge,882.4370936321673,69.13294230150882,good
2023-01-01T10:39:00+00:00,UKDALE_house_5,bldg_5,meter_6,other,computer,1166.2669332712665,174.10292910396367,good
2023-01-01T10:40:00+01:00,UKDALE_house_4,bldg_4,meter_3,fridge,fridge,1711.3788858378114,71.97552741691104,good
2023-01-01T10:41:00+00:00,UKDALE_house_5,bldg_5,meter_2,fridge,freezer,1380.402505623572,133.49958088819022,good
2023-01-01T10:42:00+01:00,UKDALE_house_5,bldg_5,meter_8,lighting,lighting,899.8706420927447,61.95310614035029,good
2023-01-01T10:43:00+00:00,UKDALE_house_3,bldg_3,meter_5,other,kettle,1117.329736618449,1266.578065867615,good
2023-01-01T10:44:00+01:00,UKDALE_house_5,bldg_5,meter_1,lighting,lighting,1996.4780037410899,133.33310208894667,good
2023-01-01T10:45:00+00:00,UKDALE_house_2,bldg_2,meter_3,other,washing_machine,731.4164309422005,1561.0980646459518,good
2023-01-01T10:46:00+01:00,UKDALE_house_3,bldg_3,meter_8,water,unspecified_water_meter,398.5253374531978,,gap
2023-01-01T10:47:00+00:00,UKDALE_house_5,bldg_5,meter_4,fridge,fridge,817.2498444829539,,gap
2023-01-01T10:48:00+01:00,UKDALE_house_1,bldg_1,meter_7,fridge,fridge,2131.3588279453584,147.31079524140517,good
2023-01-01T10:49:00+00:00,UKDALE_house_2,bldg_2,meter_2,lighting,lighting,268.0248013980493,124.8731562872658,good
2023-01-01T10:50:00+01:00,UKDALE_house_2,bldg_2,meter_7,lighting,lighting,2479.655379762507,199.1853474224266,good
2023-01-01T10:51:00+00:00,UKDALE_house_2,bldg_2,meter_5,lighting,lighting,1375.457102372773,184.07265065585315,good
2023-01-01T10:52:00+01:00,UKDALE_house_3,bldg_3,meter_5,other,microwave,2462.8720727193804,437.6552261979351,good
2023-01-01T10:53:00+00:00,UKDALE_house_5,bldg_5,meter_6,other,microwave,2350.541234110645,148.28351733079793,good
2023-01-01T10:54:00+01:00,UKDALE_house_5,bldg_5,meter_9,other,washing_machine,1159.393599816746,497.3684141418827,good
2023-01-01T10:55:00+00:00,UKDALE_house_1,bldg_1,meter_6,fridge,freezer,536.3031327831053,93.30763787993038,good
2023-01-01T10:56:00+01:00,UKDALE_house_1,bldg_1,meter_8,other,computer,453.9677025845892,350.2936423640825,good
2023-01-01T10:57:00+00:00,UKDALE_house_2,bldg_2,meter_7,water,unspecified_water_meter,637.9739414813959,0.0,good
2023-01-01T10:58:00+01:00,UKDALE_house_1,bldg_1,meter_9,other,kettle,1789.8249693831165,343.0545529064799,good
2023-01-01T10:59:00+00:00,UKDALE_house_3,bldg_3,meter_4,fridge,fridge,718.7274870921452,,gap
2023-01-01T11:00:00+01:00,UKDALE_house_5,bldg_5,meter_2,other,washing_machine,886.4919105305308,108.21894954637725,good
2023-01-01T11:01:00+00:00,UKDALE_house_2,bldg_2,meter_7,fridge,freezer,1149.5080697868061,44.62656990387245,good
2023-01-01T11:02:00+01:00,UKDALE_house_1,bldg_1,meter_6,fridge,freezer,2287.420067032568,79.90336072895371,good
2023-01-01T11:03:00+00:00,UKDALE_house_3,bldg_3,meter_1,fridge,freezer,514.013873817873,37.575589104955974,good
2023-01-01T11:04:00+01:00,UKDALE_house_3,bldg_3,meter_9,other,kettle,62.31505389401763,744.3213487971764,good
2023-01-01T11:05:00+00:00,UKDALE_house_1,bldg_1,meter_9,other,kettle,197.23620542651688,879.5109654097789,good
2023-01-01T11:06:00+01:00,UKDALE_house_5,bldg_5,meter_2,fridge,freezer,2266.677537116289,84.15199368877373,good
2023-01-01T11:07:00+00:00,UKDALE_house_1,bldg_1,meter_3,lighting,lighting,1636.4153388662396,176.4514743325557,good
2023-01-01T11:08:00+01:00,UKDALE_house_2,bldg_2,meter_5,lighting,lighting,718.9495173531266,115.41124190931184,good
2023-01-01T11:09:00+00:00,UKDALE_house_1,bldg_1,meter_5,lighting,lighting,484.1216274774182,,gap
2023-01-01T11:10:00+01:00,UKDALE_house_3,bldg_3,meter_1,fridge,freezer,770.9535047609302,79.28510944699994,good
2023-01-01T11:11:00+00:00,UKDALE_house_1,bldg_1,meter_8,lighting,lighting,331.25247176563624,,gap
2023-01-01T11:12:00+01:00,UKDALE_house_5,bldg_5,meter_8,other,dishwasher,2356.7556301968807,1616.349056999708,good
2023-01-01T11:13:00+00:00,UKDALE_house_4,bldg_4,meter_4,fridge,fridge,1971.305127194904,132.3890963036541,good
2023-01-01T11:14:00+01:00,UKDALE_house_1,bldg_1,meter_7,fridge,fridge,1182.8583834357248,110.8255893757669,good
2023-01-01T11:15:00+00:00,UKDALE_house_5,bldg_5,meter_3,lighting,lighting,2169.158382532245,,gap
2023-01-01T11:16:00+01:00,UKDALE_house_5,bldg_5,meter_6,other,washing_machine,661.1726005184191,534.5224466110215,good
2023-01-01T11:17:00+00:00,UKDALE_house_3,bldg_3,meter_9,other,tv,1806.945392756874,130.6103614434605,good
2023-01-01T11:18:00+01:00,UKDALE_house_5,bldg_5,meter_1,other,tv,2147.5246225836713,1678.9421312326997,good
2023-01-01T11:19:00+00:00,UKDALE_house_5,bldg_5,meter_5,lighting,lighting,,,gap
2023-01-01T11:20:00+01:00,UKDALE_house_5,bldg_5,meter_4,lighting,lighting,1905.7878913542584,154.34531917638347,good
2023-01-01T11:21:00+00:00,UKDALE_house_5,bldg_5,meter_8,fridge,freezer,772.9272556975579,67.38860874986747,good
2023-01-01T11:22:00+01:00,UKDALE_house_2,bldg_2,meter_1,other,kettle,782.1999813846254,1529.8936639853491,good
2023-01-01T11:23:00+00:00,UKDALE_house_2,bldg_2,meter_9,other,kettle,312.2900874577559,504.3057464898374,good
2023-01-01T11:24:00+01:00,UKDALE_house_3,bldg_3,meter_6,other,kettle,1128.142213948027,,gap
2023-01-01T11:25:00+00:00,UKDALE_house_1,bldg_1,meter_4,other,washing_machine,1837.7941709186846,708.7261844112144,good
2023-01-01T11:26:00+01:00,UKDALE_house_5,bldg_5,meter_9,other,dishwasher,2353.540973649648,1048.8325916783783,good
2023-01-01T11:27:00+00:00,UKDALE_house_1,bldg_1,meter_5,fridge,fridge,1529.3026302262854,87.4445829558627,good
2023-01-01T11:28:00+01:00,UKDALE_house_1,bldg_1,meter_5,other,kettle,2164.6820674525607,1558.6332495090448,good
2023-01-01T11:29:00+00:00,UKDALE_house_3,bldg_3,meter_5,fridge,fridge,2065.111890761056,42.648634314740036,good
2023-01-01T11:30:00+01:00,UKDALE_house_5,bldg_5,meter_1,lighting,lighting,474.6904797894381,,gap
2023-01-01T11:31:00+00:00,UKDALE_house_5,bldg_5,meter_1,fridge,freezer,1240.252700835947,91.55752197850889,good
2023-01-01T11:32:00+01:00,UKDALE_house_4,bldg_4,meter_8,fridge,freezer,336.4626620372091,63.767157860659566,good
2023-01-01T11:33:00+00:00,UKDALE_house_1,bldg_1,meter_8,lighting,lighting,1721.2752458260056,168.0010602638619,good
2023-01-01T11:34:00+01:00,UKDALE_house_1,bldg_1,meter_6,fridge,freezer,2377.254187202886,120.34183870586476,good
2023-01-01T11:35:00+00:00,UKDALE_house_2,bldg_2,meter_4,lighting,lighting,385.8691722929534,151.91465371972959,good
2023-01-01T11:36:00+01:00,UKDALE_house_4,bldg_4,meter_2,lighting,lighting,1848.0136704662261,177.71464608852008,good
2023-01-01T11:37:00+00:00,UKDALE_house_2,bldg_2,meter_2,fridge,fridge,1598.9834696262594,116.73415207458254,good
2023-01-01T11:38:00+01:00,UKDALE_house_2,bldg_2,meter_9,fridge,freezer,1479.8323406698444,,gap
2023-01-01T11:39:00+00:00,UKDALE_house_2,bldg_2,meter_5,lighting,lighting,1005.7945749864311,,gap
2023-01-01T11:40:00+01:00,UKDALE_house_3,bldg_3,meter_4,fridge,fridge,920.0725369968408,66.92433760678126,good
2023-01-01T11:41:00+00:00,UKDALE_house_3,bldg_3,meter_1,other,washing_machine,160.86051309627527,473.8056381080734,good
2023-01-01T11:42:00+01:00,UKDALE_house_2,bldg_2,meter_7,other,computer,583.876335217433,177.75628757434782,good
2023-01-01T11:43:00+00:00,UKDALE_house_4,bldg_4,meter_3,other,kettle,87.18336160272591,1352.0500156084343,good
2023-01-01T11:44:00+01:00,UKDALE_house_1,bldg_1,meter_6,other,microwave,1474.4719086759503,1294.2516834121695,good
2023-01-01T11:45:00+00:00,UKDALE_house_4,bldg_4,meter_5,lighting,lighting,309.34042790087665,62.209905981336874,good
2023-01-01T11:46:00+01:00,UKDALE_house_5,bldg_5,meter_5,other,tv,2188.8975153728043,,gap
2023-01-01T11:47:00+00:00,UKDALE_house_3,bldg_3,meter_5,fridge,freezer,1331.7004007080548,140.14090597122635,good
2023-01-01T11:48:00+01:00,UKDALE_house_1,bldg_1,meter_1,fridge,fridge,1764.2402771938357,42.96347489898951,good
2023-01-01T11:49:00+00:00,UKDALE_house_1,bldg_1,meter_1,other,kettle,1056.5998750092162,457.11411717685615,good
2023-01-01T11:50:00+01:00,UKDALE_house_5,bldg_5,meter_3,lighting,lighting,1423.4205320525691,155.0469429357168,good
2023-01-01T11:51:00+00:00,UKDALE_house_5,bldg_5,meter_4,other,microwave,2359.5149835682446,530.3866786373869,good
2023-01-01T11:52:00+01:00,UKDALE_house_2,bldg_2,meter_5,other,washing_machine,252.69839707799338,1143.1619549965044,good
2023-01-01T11:53:00+00:00,UKDALE_house_3,bldg_3,meter_2,other,kettle,672.1475412130555,192.0373928115004,good
2023-01-01T11:54:00+01:00,UKDALE_house_3,bldg_3,meter_8,other,tv,1960.9714009308336,841.3543384311928,good
2023-01-01T11:55:00+00:00,UKDALE_house_4,bldg_4,meter_2,lighting,lighting,291.90615686253136,153.03645595873155,good
2023-01-01T11:56:00+01:00,UKDALE_house_2,bldg_2,meter_9,fridge,fridge,235.36970456507157,112.3816731651903,good
2023-01-01T11:57:00+00:00,UKDALE_house_2,bldg_2,meter_2,lighting,lighting,935.7764269473945,,gap
2023-01-01T11:58:00+01:00,UKDALE_house_2,bldg_2,meter_9,lighting,lighting,275.81149825745916,177.9413827885704,good
2023-01-01T11:59:00+00:00,UKDALE_house_2,bldg_2,meter_7,other,tv,1483.4421834051975,1403.0711272028268,good
2023-01-01T12:00:00+01:00,UKDALE_house_3,bldg_3,meter_8,other,computer,604.3743645006696,,gap
2023-01-01T12:01:00+00:00,UKDALE_house_3,bldg_3,meter_2,other,computer,2244.460009838462,105.51436067805452,good
2023-01-01T12:02:00+01:00,UKDALE_house_2,bldg_2,meter_7,lighting,lighting,1969.575198070879,116.29400121369993,good
2023-01-01T12:03:00+00:00,UKDALE_house_4,bldg_4,meter_6,fridge,freezer,,,gap
2023-01-01T12:04:00+01:00,UKDALE_house_1,bldg_1,meter_4,lighting,lighting,1561.5128670920296,165.45220708088408,good
2023-01-01T12:05:00+00:00,UKDALE_house_1,bldg_1,meter_7,fridge,freezer,2165.4910393365853,68.48694293519492,good
2023-01-01T12:06:00+01:00,UKDALE_house_4,bldg_4,meter_4,other,tv,,,gap
2023-01-01T12:07:00+00:00,UKDALE_house_2,bldg_2,meter_2,fridge,fridge,2189.1166647723576,63.53343687826831,good
2023-01-01T12:08:00+01:00,UKDALE_house_3,bldg_3,meter_7,fridge,fridge,1984.2561311389281,123.90001732563523,good
2023-01-01T12:09:00+00:00,UKDALE_house_1,bldg_1,meter_8,fridge,fridge,1882.9940246498295,,gap
2023-01-01T12:10:00+01:00,UKDALE_house_5,bldg_5,meter_2,other,kettle,1425.0764112835639,747.624364872862,good
2023-01-01T12:11:00+00:00,UKDALE_house_5,bldg_5,meter_5,other,dishwasher,653.2981943779703,1560.1141886442308,good
2023-01-01T12:12:00+01:00,UKDALE_house_4,bldg_4,meter_1,fridge,freezer,1087.692394180146,62.049000894759885,good
2023-01-01T12:13:00+00:00,UKDALE_house_2,bldg_2,meter_7,fridge,fridge,1994.2481036200638,94.15931076906286,good
2023-01-01T12:14:00+01:00,UKDALE_house_1,bldg_1,meter_8,lighting,lighting,127.85728667544488,174.5770573709667,good
2023-01-01T12:15:00+00:00,UKDALE_house_2,bldg_2,meter_6,fridge,fridge,1966.0243846962078,69.10576111389484,good
2023-01-01T12:16:00+01:00,UKDALE_house_1,bldg_1,meter_5,other,kettle,638.1733141945379,1719.57396388665,good
2023-01-01T12:17:00+00:00,UKDALE_house_4,bldg_4,meter_6,other,kettle,403.55754176792743,263.28912811742134,good
2023-01-01T12:18:00+01:00,UKDALE_house_4,bldg_4,meter_2,lighting,lighting,333.4682295417403,23.289512550231123,good
2023-01-01T12:19:00+00:00,UKDALE_house_5,bldg_5,meter_1,fridge,fridge,116.76252927949703,138.49624230938286,good
2023-01-01T12:20:00+01:00,UKDALE_house_2,bldg_2,meter_7,water,unspecified_water_meter,1332.7868887925597,0.0,good
2023-01-01T12:21:00+00:00,UKDALE_house_5,bldg_5,meter_7,lighting,lighting,584.7366880996373,32.356759906617,good
2023-01-01T12:22:00+01:00,UKDALE_house_2,bldg_2,meter_2,other,microwave,2474.1078261600974,1785.8060929081105,good
2023-01-01T12:23:00+00:00,UKDALE_house_5,bldg_5,meter_2,fridge,fridge,1457.370051886904,144.16762343749275,good
2023-01-01T12:24:00+01:00,UKDALE_house_3,bldg_3,meter_1,lighting,lighting,387.81890992222554,,gap
2023-01-01T12:25:00+00:00,UKDALE_house_3,bldg_3,meter_8,fridge,freezer,1737.4682249878451,94.5101550831079,good
2023-01-01T12:26:00+01:00,UKDALE_house_3,bldg_3,meter_8,lighting,lighting,2249.471737948827,53.28565354408598,good
2023-01-01T12:27:00+00:00,UKDALE_house_3,bldg_3,meter_1,water,unspecified_water_meter,1875.6897636555552,0.0,good
2023-01-01T12:28:00+01:00,UKDALE_house_1,bldg_1,meter_8,lighting,lighting,237.2776595466468,97.06793114542157,good
2023-01-01T12:29:00+00:00,UKDALE_house_3,bldg_3,meter_9,fridge,freezer,2244.916243922016,37.37101551117992,good
2023-01-01T12:30:00+01:00,UKDALE_house_4,bldg_4,meter_4,fridge,freezer,1995.1269953569135,56.870950535590744,good
2023-01-01T12:31:00+00:00,UKDALE_house_4,bldg_4,meter_1,lighting,lighting,437.8445552587552,85.38910335180192,good
2023-01-01T12:32:00+01:00,UKDALE_house_1,bldg_1,meter_1,fridge,freezer,176.87542739540132,,gap
2023-01-01T12:33:00+00:00,UKDALE_house_3,bldg_3,meter_3,fridge,freezer,1415.4109095200558,147.29955098506719,good
2023-01-01T12:34:00+01:00,UKDALE_house_3,bldg_3,meter_5,other,microwave,432.2877377829434,1463.764879946967,good
2023-01-01T12:35:00+00:00,UKDALE_house_3,bldg_3,meter_5,lighting,lighting,2094.7478338584165,152.73378997615032,good
2023-01-01T12:36:00+01:00,UKDALE_house_5,bldg_5,meter_9,fridge,fridge,927.9199088456007,94.4449577690369,good
2023-01-01T12:37:00+00:00,UKDALE_house_2,bldg_2,meter_2,other,washing_machine,2286.5864896046096,1519.996081057601,good
2023-01-01T12:38:00+01:00,UKDALE_house_5,bldg_5,meter_2,fridge,fridge,1435.9360217454641,70.71874027868533,good
2023-01-01T12:39:00+00:00,UKDALE_house_2,bldg_2,meter_6,water,unspecified_water_meter,497.5473413871869,0.0,good
2023-01-01T12:40:00+01:00,UKDALE_house_3,bldg_3,meter_9,fridge,freezer,392.01722503151024,115.06789353279792,good
2023-01-01T12:41:00+00:00,UKDALE_house_3,bldg_3,meter_1,other,washing_machine,1462.357472016497,1789.1219569118011,good
2023-01-01T12:42:00+01:00,UKDALE_house_5,bldg_5,meter_9,other,computer,1916.6148490629876,600.6005906365979,good
2023-01-01T12:43:00+00:00,UKDALE_house_5,bldg_5,meter_9,other,microwave,1964.688836968346,1229.5306860469427,good
2023-01-01T12:44:00+01:00,UKDALE_house_2,bldg_2,meter_9,water,unspecified_water_meter,725.6056408811392,0.0,good
2023-01-01T12:45:00+00:00,UKDALE_house_4,bldg_4,meter_5,fridge,fridge,550.4045593348103,131.3177836982859,good
2023-01-01T12:46:00+01:00,UKDALE_house_2,bldg_2,meter_9,water,unspecified_water_meter,91.05294600633691,,gap
2023-01-01T12:47:00+00:00,UKDALE_house_5,bldg_5,meter_4,lighting,lighting,1714.037920442865,184.845365003121,good
2023-01-01T12:48:00+01:00,UKDALE_house_5,bldg_5,meter_2,lighting,lighting,237.59223316217052,149.22788436921832,good
2023-01-01T12:49:00+00:00,UKDALE_house_1,bldg_1,meter_6,fridge,freezer,1080.8649443265183,64.03295081005635,good
2023-01-01T12:50:00+01:00,UKDALE_house_5,bldg_5,meter_4,lighting,lighting,1524.1213018448254,78.73078728241036,good
2023-01-01T12:51:00+00:00,UKDALE_house_1,bldg_1,meter_6,fridge,freezer,2345.916915053209,32.4909638548757,good
2023-01-01T12:52:00+01:00,UKDALE_house_4,bldg_4,meter_3,lighting,lighting,813.9152355416331,,gap
2023-01-01T12:53:00+00:00,UKDALE_house_2,bldg_2,meter_6,lighting,lighting,661.9417979939735,27.69312909115125,good
2023-01-01T12:54:00+01:00,UKDALE_house_2,bldg_2,meter_2,other,tv,1652.692378000941,1563.141620554805,good
2023-01-01T12:55:00+00:00,UKDALE_house_1,bldg_1,meter_2,other,dishwasher,1567.135628531275,,gap
2023-01-01T12:56:00+01:00,UKDALE_house_2,bldg_2,meter_9,lighting,lighting,863.6689691049052,50.93777218446637,good
2023-01-01T12:57:00+00:00,UKDALE_house_5,bldg_5,meter_7,fridge,freezer,2323.849496998977,87.18317649986848,good
2023-01-01T12:58:00+01:00,UKDALE_house_3,bldg_3,meter_3,fridge,fridge,2119.9127023496003,118.54564982024908,good
2023-01-01T12:59:00+00:00,UKDALE_house_1,bldg_1,meter_1,fridge,fridge,598.7572373694488,46.68026462388932,good
2023-01-01T13:00:00+01:00,UKDALE_house_2,bldg_2,meter_8,fridge,fridge,635.8992363145818,82.80852900797981,good
2023-01-01T13:01:00+00:00,UKDALE_house_1,bldg_1,meter_6,fridge,freezer,1305.1358498733475,87.94215292921257,good
2023-01-01T13:02:00+01:00,UKDALE_house_1,bldg_1,meter_7,fridge,fridge,1945.251649240265,55.474277000230956,good
2023-01-01T13:03:00+00:00,UKDALE_house_3,bldg_3,meter_9,water,unspecified_water_meter,157.89892950173777,0.0,good
2023-01-01T13:04:00+01:00,UKDALE_house_5,bldg_5,meter_5,lighting,lighting,1748.6711266500313,40.800507802513714,good
2023-01-01T13:05:00+00:00,UKDALE_house_1,bldg_1,meter_1,fridge,fridge,1638.1779485861375,130.37051075827674,good
2023-01-01T13:06:00+01:00,UKDALE_house_2,bldg_2,meter_7,lighting,lighting,617.1262349868211,110.4438169572978,good
2023-01-01T13:07:00+00:00,UKDALE_house_4,bldg_4,meter_5,fridge,fridge,1719.3148824413045,31.725748318098358,good
2023-01-01T13:08:00+01:00,UKDALE_house_1,bldg_1,meter_3,lighting,lighting,2353.4488185676023,,gap
2023-01-01T13:09:00+00:00,UKDALE_house_1,bldg_1,meter_9,other,washing_machine,164.6253201808329,1766.3891594755235,good
2023-01-01T13:10:00+01:00,UKDALE_house_3,bldg_3,meter_1,lighting,lighting,833.1475354655532,129.06671517456454,good
2023-01-01T13:11:00+00:00,UKDALE_house_5,bldg_5,meter_1,lighting,lighting,1123.5329558325705,110.66750967513273,good
2023-01-01T13:12:00+01:00,UKDALE_house_4,bldg_4,meter_1,water,unspecified_water_meter,2253.1878793654896,0.0,good
2023-01-01T13:13:00+00:00,UKDALE_house_2,bldg_2,meter_3,other,tv,2407.540544192434,1587.227760328683,good
2023-01-01T13:14:00+01:00,UKDALE_house_4,bldg_4,meter_6,other,kettle,1138.082353916014,,gap
2023-01-01T13:15:00+00:00,UKDALE_house_2,bldg_2,meter_3,lighting,lighting,1887.5696097483683,155.8166448624429,good
2023-01-01T13:16:00+01:00,UKDALE_house_5,bldg_5,meter_8,other,tv,1352.5695082229834,829.5426270350038,good
2023-01-01T13:17:00+00:00,UKDALE_house_2,bldg_2,meter_2,fridge,fridge,1367.5681901163725,101.06656791977285,good
2023-01-01T13:18:00+01:00,UKDALE_house_3,bldg_3,meter_9,lighting,lighting,731.3438119125733,146.16836570323986,good
2023-01-01T13:19:00+00:00,UKDALE_house_3,bldg_3,meter_3,fridge,freezer,581.5428023665048,53.31282852021617,good
2023-01-01T13:20:00+01:00,UKDALE_house_3,bldg_3,meter_5,lighting,lighting,755.6130975139008,100.49618579895885,good
2023-01-01T13:21:00+00:00,UKDALE_house_3,bldg_3,meter_8,lighting,lighting,1413.0036177798443,169.3678276491113,good
2023-01-01T13:22:00+01:00,UKDALE_house_4,bldg_4,meter_2,fridge,freezer,121.43020575411805,108.56704181981316,good
2023-01-01T13:23:00+00:00,UKDALE_house_5,bldg_5,meter_6,water,unspecified_water_meter,2272.759913673194,0.0,good
2023-01-01T13:24:00+01:00,UKDALE_house_2,bldg_2,meter_5,other,tv,432.89508839695173,,gap
2023-01-01T13:25:00+00:00,UKDALE_house_2,bldg_2,meter_9,other,computer,589.2172583348971,1210.8844345256923,good
2023-01-01T13:26:00+01:00,UKDALE_house_3,bldg_3,meter_5,lighting,lighting,,,gap
2023-01-01T13:27:00+00:00,UKDALE_house_3,bldg_3,meter_2,other,washing_machine,1789.7811775263344,752.6208184885336,good
2023-01-01T13:28:00+01:00,UKDALE_house_1,bldg_1,meter_5,fridge,fridge,284.5361841237734,125.17542455556676,good
2023-01-01T13:29:00+00:00,UKDALE_house_5,bldg_5,meter_4,other,dishwasher,828.3520089905473,435.89037748913404,good
2023-01-01T13:30:00+01:00,UKDALE_house_4,bldg_4,meter_7,fridge,freezer,2423.252783657175,52.31538090689013,good
2023-01-01T13:31:00+00:00,UKDALE_house_2,bldg_2,meter_6,other,washing_machine,692.740268613317,1713.932654853755,good
2023-01-01T13:32:00+01:00,UKDALE_house_1,bldg_1,meter_2,fridge,fridge,816.9728554047099,55.18771555034768,good
2023-01-01T13:33:00+00:00,UKDALE_house_1,bldg_1,meter_5,other,microwave,2099.421302014182,506.60751438779414,good
2023-01-01T13:34:00+01:00,UKDALE_house_2,bldg_2,meter_7,other,kettle,173.02535764161536,1746.8278930825913,good
2023-01-01T13:35:00+00:00,UKDALE_house_4,bldg_4,meter_7,fridge,freezer,1188.3022635819787,118.16502843180308,good
2023-01-01T13:36:00+01:00,UKDALE_house_1,bldg_1,meter_5,lighting,lighting,980.0610729065921,145.92737594423508,good
2023-01-01T13:37:00+00:00,UKDALE_house_1,bldg_1,meter_9,water,unspecified_water_meter,825.6375617761953,,gap
2023-01-01T13:38:00+01:00,UKDALE_house_5,bldg_5,meter_4,lighting,lighting,749.9640054096731,173.52674909382463,good
2023-01-01T13:39:00+00:00,UKDALE_house_4,bldg_4,meter_3,other,dishwasher,273.8665569080025,252.69039391438997,good
2023-01-01T13:40:00+01:00,UKDALE_house_1,bldg_1,meter_4,lighting,lighting,821.3232819115397,147.07212258440128,good
2023-01-01T13:41:00+00:00,UKDALE_house_4,bldg_4,meter_5,lighting,lighting,155.478386653388,110.663949679083,good
2023-01-01T13:42:00+01:00,UKDALE_house_2,bldg_2,meter_6,fridge,freezer,1963.3614659288664,129.49807683409676,good
2023-01-01T13:43:00+00:00,UKDALE_house_3,bldg_3,meter_3,fridge,fridge,1025.6580951971287,,gap
2023-01-01T13:44:00+01:00,UKDALE_house_1,bldg_1,meter_2,other,microwave,1137.5643891837833,1135.4223699705963,good
2023-01-01T13:45:00+00:00,UKDALE_house_5,bldg_5,meter_4,lighting,lighting,2239.3067368028223,105.99358275191648,good
2023-01-01T13:46:00+01:00,UKDALE_house_2,bldg_2,meter_5,lighting,lighting,1662.2347104599908,106.06860624005193,good
2023-01-01T13:47:00+00:00,UKDALE_house_4,bldg_4,meter_4,lighting,lighting,69.74480318819349,158.23459605112967,good
2023-01-01T13:48:00+01:00,UKDALE_house_2,bldg_2,meter_3,lighting,lighting,2360.778316255148,,gap
2023-01-01T13:49:00+00:00,UKDALE_house_1,bldg_1,meter_8,other,computer,631.0039416453925,1158.2106028164683,good
2023-01-01T13:50:00+01:00,UKDALE_house_4,bldg_4,meter_4,water,unspecified_water_meter,313.6547526616542,0.0,good
2023-01-01T13:51:00+00:00,UKDALE_house_3,bldg_3,meter_2,lighting,lighting,1931.9140370331613,101.05084708967465,good
2023-01-01T13:52:00+01:00,UKDALE_house_2,bldg_2,meter_2,other,washing_machine,1276.1694238734594,979.4416185906732,good
2023-01-01T13:53:00+00:00,UKDALE_house_1,bldg_1,meter_1,other,kettle,1112.737886744143,1355.0059158583779,good
2023-01-01T13:54:00+01:00,UKDALE_house_5,bldg_5,meter_4,lighting,lighting,661.2825452227173,168.66936544014527,good
2023-01-01T13:55:00+00:00,UKDALE_house_4,bldg_4,meter_9,water,unspecified_water_meter,1391.3051501626808,,gap
2023-01-01T13:56:00+01:00,UKDALE_house_2,bldg_2,meter_7,fridge,fridge,722.2422827463392,113.58736825728553,good
2023-01-01T13:57:00+00:00,UKDALE_house_2,bldg_2,meter_7,fridge,freezer,2258.8783629533154,140.88875866148197,good
2023-01-01T13:58:00+01:00,UKDALE_house_3,bldg_3,meter_7,other,computer,577.2509753463223,1485.5671542576017,good
2023-01-01T13:59:00+00:00,UKDALE_house_3,bldg_3,meter_8,lighting,lighting,2216.670118616596,121.13548216571333,good
2023-01-01T14:00:00+01:00,UKDALE_house_5,bldg_5,meter_1,other,washing_machine,1420.5432930320246,1224.9606271265395,good
2023-01-01T14:01:00+00:00,UKDALE_house_5,bldg_5,meter_8,other,microwave,2079.7959280433406,1671.039484612093,good
2023-01-01T14:02:00+01:00,UKDALE_house_1,bldg_1,meter_4,fridge,freezer,1796.4726898593397,104.300165309167,good
2023-01-01T14:03:00+00:00,UKDALE_house_1,bldg_1,meter_4,other,washing_machine,1756.903023020034,1493.4121589647036,good
2023-01-01T14:04:00+01:00,UKDALE_house_5,bldg_5,meter_4,lighting,lighting,844.6472288528865,143.98589064619767,good
2023-01-01T14:05:00+00:00,UKDALE_house_5,bldg_5,meter_6,lighting,lighting,623.0474821068985,119.34854499088397,good
2023-01-01T14:06:00+01:00,UKDALE_house_4,bldg_4,meter_7,other,washing_machine,566.671257817931,473.21684197686795,good
2023-01-01T14:07:00+00:00,UKDALE_house_3,bldg_3,meter_6,other,microwave,2150.1195597959922,795.4956590697492,good
2023-01-01T14:08:00+01:00,UKDALE_house_1,bldg_1,meter_1,fridge,freezer,2060.045709634599,146.12913898004587,good
2023-01-01T14:09:00+00:00,UKDALE_house_3,bldg_3,meter_8,lighting,lighting,1129.405143630153,138.39776898906803,good
2023-01-01T14:10:00+01:00,UKDALE_house_3,bldg_3,meter_7,other,dishwasher,374.39130306631375,,gap
2023-01-01T14:11:00+00:00,UKDALE_house_5,bldg_5,meter_6,other,kettle,986.518017344773,1682.6740946743978,good
2023-01-01T14:12:00+01:00,UKDALE_house_4,bldg_4,meter_6,other,kettle,1567.3914626354328,1076.3956168155353,good
2023-01-01T14:13:00+00:00,UKDALE_house_2,bldg_2,meter_5,fridge,freezer,1163.2877284758845,93.12990221008835,good
2023-01-01T14:14:00+01:00,UKDALE_house_4,bldg_4,meter_6,fridge,freezer,1961.4637077833377,121.11730261802462,good
2023-01-01T14:15:00+00:00,UKDALE_house_4,bldg_4,meter_9,lighting,lighting,2494.1759145158944,148.279811417578,good
2023-01-01T14:16:00+01:00,UKDALE_house_3,bldg_3,meter_9,other,tv,518.2736166997972,388.03001471475727,good
2023-01-01T14:17:00+00:00,UKDALE_house_4,bldg_4,meter_8,fridge,fridge,1176.1445081659524,86.55699294889453,good
2023-01-01T14:18:00+01:00,UKDALE_house_1,bldg_1,meter_9,fridge,fridge,1105.910559706014,86.70185313835023,good
2023-01-01T14:19:00+00:00,UKDALE_house_3,bldg_3,meter_8,water,unspecified_water_meter,796.0067052349295,0.0,good
2023-01-01T14:20:00+01:00,UKDALE_house_1,bldg_1,meter_8,fridge,fridge,535.3340159647095,75.38694182920138,good
2023-01-01T14:21:00+00:00,UKDALE_house_2,bldg_2,meter_1,water,unspecified_water_meter,210.9456853996651,0.0,good
2023-01-01T14:22:00+01:00,UKDALE_house_3,bldg_3,meter_5,other,dishwasher,2223.4423271980613,955.263593766443,good
2023-01-01T14:23:00+00:00,UKDALE_house_2,bldg_2,meter_4,other,kettle,1078.6293093314782,772.9379460225024,good
2023-01-01T14:24:00+01:00,UKDALE_house_3,bldg_3,meter_2,fridge,freezer,1267.3940203251198,53.92145873654198,good
2023-01-01T14:25:00+00:00,UKDALE_house_5,bldg_5,meter_8,fridge,fridge,2296.5080180922437,79.48397847296172,good
2023-01-01T14:26:00+01:00,UKDALE_house_4,bldg_4,meter_3,other,tv,1951.9116699140723,176.48465825305905,good
2023-01-01T14:27:00+00:00,UKDALE_house_5,bldg_5,meter_4,other,kettle,369.72809708710133,1057.6252598552203,good
2023-01-01T14:28:00+01:00,UKDALE_house_2,bldg_2,meter_7,other,dishwasher,1435.2789206389689,,gap
2023-01-01T14:29:00+00:00,UKDALE_house_4,bldg_4,meter_9,fridge,freezer,1133.51807747292,117.03445012254663,good
2023-01-01T14:30:00+01:00,UKDALE_house_3,bldg_3,meter_2,other,tv,2003.1671278179688,680.6895700946947,good
2023-01-01T14:31:00+00:00,UKDALE_house_4,bldg_4,meter_3,other,computer,1824.3697416492755,202.37460976028933,good
2023-01-01T14:32:00+01:00,UKDALE_house_1,bldg_1,meter_4,other,washing_machine,1741.4940186821264,403.76144864422383,good
2023-01-01T14:33:00+00:00,UKDALE_house_4,bldg_4,meter_1,other,kettle,884.3348469257473,1004.6080958659625,good
2023-01-01T14:34:00+01:00,UKDALE_house_1,bldg_1,meter_7,other,computer,2022.1611394781735,412.3498959203075,good
2023-01-01T14:35:00+00:00,UKDALE_house_4,bldg_4,meter_2,other,microwave,178.35867420741,1001.9529447486931,good
2023-01-01T14:36:00+01:00,UKDALE_house_1,bldg_1,meter_5,fridge,freezer,441.0810085088097,57.791882971667874,good
2023-01-01T14:37:00+00:00,UKDALE_house_2,bldg_2,meter_1,lighting,lighting,872.2770187958837,172.8062965056931,good
2023-01-01T14:38:00+01:00,UKDALE_house_5,bldg_5,meter_3,fridge,fridge,238.17823061973914,77.67257674085516,good
2023-01-01T14:39:00+00:00,UKDALE_house_3,bldg_3,meter_2,lighting,lighting,625.7359799599944,,gap
2023-01-01T14:40:00+01:00,UKDALE_house_4,bldg_4,meter_1,lighting,lighting,2083.869908344899,166.2187124444711,good
2023-01-01T14:41:00+00:00,UKDALE_house_5,bldg_5,meter_7,fridge,fridge,2373.2162675856944,71.14067577665409,good
2023-01-01T14:42:00+01:00,UKDALE_house_3,bldg_3,meter_5,fridge,freezer,796.2757716467667,43.37852254065383,good
2023-01-01T14:43:00+00:00,UKDALE_house_3,bldg_3,meter_1,fridge,fridge,698.0637197726537,98.449138968437,good
2023-01-01T14:44:00+01:00,UKDALE_house_1,bldg_1,meter_6,other,washing_machine,735.736998003746,1067.7373577664803,good
2023-01-01T14:45:00+00:00,UKDALE_house_2,bldg_2,meter_5,other,microwave,730.4117640095674,,gap
2023-01-01T14:46:00+01:00,UKDALE_house_2,bldg_2,meter_3,fridge,freezer,138.02894635563382,58.82633198500627,good
2023-01-01T14:47:00+00:00,UKDALE_house_5,bldg_5,meter_7,water,unspecified_water_meter,2320.9450485112147,0.0,good
2023-01-01T14:48:00+01:00,UKDALE_house_2,bldg_2,meter_9,lighting,lighting,573.5604468473045,99.87884103660411,good
2023-01-01T14:49:00+00:00,UKDALE_house_4,bldg_4,meter_9,fridge,fridge,1079.0099814994421,63.88415028511875,good
2023-01-01T14:50:00+01:00,UKDALE_house_2,bldg_2,meter_9,fridge,fridge,73.73286271537097,39.71444833388257,good
2023-01-01T14:51:00+00:00,UKDALE_house_5,bldg_5,meter_2,lighting,lighting,2151.98997274189,,gap
2023-01-01T14:52:00+01:00,UKDALE_house_2,bldg_2,meter_3,other,dishwasher,1841.3354939145472,1325.522157854597,good
2023-01-01T14:53:00+00:00,UKDALE_house_4,bldg_4,meter_7,other,kettle,2369.552286175573,,gap
2023-01-01T14:54:00+01:00,UKDALE_house_1,bldg_1,meter_5,fridge,fridge,1964.9579240311778,101.92475914463836,good
2023-01-01T14:55:00+00:00,UKDALE_house_5,bldg_5,meter_2,fridge,freezer,818.5809545275598,54.15165457613669,good
2023-01-01T14:56:00+01:00,UKDALE_house_1,bldg_1,meter_3,lighting,lighting,657.289728884638,180.24259192323876,good
2023-01-01T14:57:00+00:00,UKDALE_house_1,bldg_1,meter_6,fridge,freezer,1759.4049535055676,,gap
2023-01-01T14:58:00+01:00,UKDALE_house_1,bldg_1,meter_7,fridge,fridge,942.0762987757236,30.46045746093611,good
2023-01-01T14:59:00+00:00,UKDALE_house_3,bldg_3,meter_9,fridge,fridge,1437.2267885939107,90.24098372870185,good
2023-01-01T15:00:00+01:00,UKDALE_house_3,bldg_3,meter_1,other,computer,65.33080401485206,,gap
2023-01-01T15:01:00+00:00,UKDALE_house_1,bldg_1,meter_7,other,washing_machine,201.61996911716435,1063.1893105176578,good
2023-01-01T15:02:00+01:00,UKDALE_house_5,bldg_5,meter_8,lighting,lighting,1361.6514558950455,,gap
2023-01-01T15:03:00+00:00,UKDALE_house_4,bldg_4,meter_3,other,computer,1436.8755337980044,599.5766621072569,good
2023-01-01T15:04:00+01:00,UKDALE_house_4,bldg_4,meter_4,fridge,fridge,1891.0597139253919,89.90387362095981,good
2023-01-01T15:05:00+00:00,UKDALE_house_2,bldg_2,meter_6,lighting,lighting,373.3150330787063,58.98425341290336,good
2023-01-01T15:06:00+01:00,UKDALE_house_5,bldg_5,meter_7,fridge,freezer,1307.298555204108,134.71510625830757,good
2023-01-01T15:07:00+00:00,UKDALE_house_3,bldg_3,meter_4,other,dishwasher,526.3967288576371,202.44125655750958,good
2023-01-01T15:08:00+01:00,UKDALE_house_1,bldg_1,meter_8,water,unspecified_water_meter,278.330492928602,0.0,good
2023-01-01T15:09:00+00:00,UKDALE_house_2,bldg_2,meter_5,other,tv,1055.7146954483587,902.922772926075,good
2023-01-01T15:10:00+01:00,UKDALE_house_4,bldg_4,meter_1,lighting,lighting,450.1747878181902,144.45489035236739,good
2023-01-01T15:11:00+00:00,UKDALE_house_3,bldg_3,meter_4,other,microwave,593.3658465711806,508.0644252353443,good
2023-01-01T15:12:00+01:00,UKDALE_house_3,bldg_3,meter_3,fridge,fridge,828.0087206802793,104.90888843970218,good
2023-01-01T15:13:00+00:00,UKDALE_house_1,bldg_1,meter_9,other,microwave,685.5015818208308,1501.4240127491555,good
2023-01-01T15:14:00+01:00,UKDALE_house_4,bldg_4,meter_8,lighting,lighting,264.5986786445687,54.26065551710856,good
2023-01-01T15:15:00+00:00,UKDALE_house_5,bldg_5,meter_1,lighting,lighting,270.2947999062706,185.0997065284753,good
2023-01-01T15:16:00+01:00,UKDALE_house_3,bldg_3,meter_6,lighting,lighting,523.4610673237121,,gap
2023-01-01T15:17:00+00:00,UKDALE_house_1,bldg_1,meter_9,other,kettle,173.87001050087042,573.656007526856,good
2023-01-01T15:18:00+01:00,UKDALE_house_5,bldg_5,meter_7,fridge,fridge,1584.8196982084714,81.70299304587249,good
2023-01-01T15:19:00+00:00,UKDALE_house_4,bldg_4,meter_4,other,microwave,753.9504554468098,596.3357966261789,good
2023-01-01T15:20:00+01:00,UKDALE_house_3,bldg_3,meter_1,fridge,freezer,735.377621034224,117.01333919199793,good
2023-01-01T15:21:00+00:00,UKDALE_house_5,bldg_5,meter_2,other,tv,863.3958208825246,1443.5261609764814,good
2023-01-01T15:22:00+01:00,UKDALE_house_5,bldg_5,meter_5,other,microwave,1673.850871813818,1507.6404365576568,good
2023-01-01T15:23:00+00:00,UKDALE_house_5,bldg_5,meter_5,other,kettle,2183.053009634552,,gap
2023-01-01T15:24:00+01:00,UKDALE_house_3,bldg_3,meter_8,lighting,lighting,,,gap
2023-01-01T15:25:00+00:00,UKDALE_house_3,bldg_3,meter_6,lighting,lighting,1832.4466140514826,128.2491327239414,good
2023-01-01T15:26:00+01:00,UKDALE_house_2,bldg_2,meter_8,fridge,freezer,1236.7584047220807,70.70643580701406,good
2023-01-01T15:27:00+00:00,UKDALE_house_4,bldg_4,meter_2,other,computer,1749.8236145701587,1003.0420352438114,good
2023-01-01T15:28:00+01:00,UKDALE_house_1,bldg_1,meter_3,fridge,freezer,1404.2678016822788,,gap
2023-01-01T15:29:00+00:00,UKDALE_house_5,bldg_5,meter_6,lighting,lighting,579.8137940569958,154.06851359538436,good
2023-01-01T15:30:00+01:00,UKDALE_house_2,bldg_2,meter_3,fridge,fridge,561.0415009655742,,gap
2023-01-01T15:31:00+00:00,UKDALE_house_1,bldg_1,meter_6,fridge,freezer,776.1604168444444,32.40278756786252,good
2023-01-01T15:32:00+01:00,UKDALE_house_2,bldg_2,meter_6,other,computer,2281.4665438760426,159.3871476432189,good
2023-01-01T15:33:00+00:00,UKDALE_house_3,bldg_3,meter_2,fridge,fridge,1391.1663589303284,76.4959756586108,good
2023-01-01T15:34:00+01:00,UKDALE_house_5,bldg_5,meter_7,other,tv,1848.06817365458,1070.9876582822612,good
2023-01-01T15:35:00+00:00,UKDALE_house_1,bldg_1,meter_2,fridge,freezer,899.0689615505416,85.7044738742552,good
2023-01-01T15:36:00+01:00,UKDALE_house_1,bldg_1,meter_6,fridge,freezer,1048.903638129802,,gap
2023-01-01T15:37:00+00:00,UKDALE_house_1,bldg_1,meter_1,lighting,lighting,357.63566766126587,106.45296658244405,good
2023-01-01T15:38:00+01:00,UKDALE_house_1,bldg_1,meter_3,fridge,freezer,469.6726466630924,109.40446145776161,good
2023-01-01T15:39:00+00:00,UKDALE_house_1,bldg_1,meter_2,fridge,fridge,2077.023559324057,56.2951277604961,good
2023-01-01T15:40:00+01:00,UKDALE_house_2,bldg_2,meter_7,other,kettle,1482.854647637761,247.47557757133745,good
2023-01-01T15:41:00+00:00,UKDALE_house_5,bldg_5,meter_4,fridge,fridge,876.9545414153563,101.5720745550792,good
2023-01-01T15:42:00+01:00,UKDALE_house_3,bldg_3,meter_8,other,kettle,2016.9854620390877,898.2066546385381,good
2023-01-01T15:43:00+00:00,UKDALE_house_3,bldg_3,meter_6,fridge,freezer,653.9737688130583,33.22411848539224,good
2023-01-01T15:44:00+01:00,UKDALE_house_3,bldg_3,meter_4,fridge,fridge,2441.2801115704992,75.6578262591643,good
2023-01-01T15:45:00+00:00,UKDALE_house_3,bldg_3,meter_5,other,washing_machine,894.803138978116,235.7197746092421,good
2023-01-01T15:46:00+01:00,UKDALE_house_2,bldg_2,meter_9,fridge,fridge,876.4118376705076,93.76281981032344,good
2023-01-01T15:47:00+00:00,UKDALE_house_4,bldg_4,meter_7,fridge,freezer,814.1841685649277,77.49332155925168,good
2023-01-01T15:48:00+01:00,UKDALE_house_5,bldg_5,meter_9,lighting,lighting,349.17321401450545,130.36734399854322,good
2023-01-01T15:49:00+00:00,UKDALE_house_1,bldg_1,meter_7,fridge,freezer,322.2860109634304,,gap
2023-01-01T15:50:00+01:00,UKDALE_house_4,bldg_4,meter_1,other,kettle,1637.8573346086023,574.4201967226089,good
2023-01-01T15:51:00+00:00,UKDALE_house_3,bldg_3,meter_8,fridge,fridge,2194.039209167215,145.4522524998033,good
2023-01-01T15:52:00+01:00,UKDALE_house_4,bldg_4,meter_4,other,microwave,1986.7752501656,987.3603760282552,good
2023-01-01T15:53:00+00:00,UKDALE_house_5,bldg_5,meter_3,other,dishwasher,395.7136053523102,,gap
2023-01-01T15:54:00+01:00,UKDALE_house_1,bldg_1,meter_7,lighting,lighting,1386.6761983905628,142.52102718063267,good
2023-01-01T15:55:00+00:00,UKDALE_house_1,bldg_1,meter_3,other,microwave,308.699287642768,1216.7801772507821,good
2023-01-01T15:56:00+01:00,UKDALE_house_5,bldg_5,meter_8,lighting,lighting,160.97187685203974,111.97473374811118,good
2023-01-01T15:57:00+00:00,UKDALE_house_5,bldg_5,meter_6,water,unspecified_water_meter,1658.1453554926798,0.0,good
2023-01-01T15:58:00+01:00,UKDALE_house_3,bldg_3,meter_5,fridge,freezer,1361.1232175168582,81.45171493376202,good
2023-01-01T15:59:00+00:00,UKDALE_house_1,bldg_1,meter_4,other,computer,250.9580287681036,,gap
2023-01-01T16:00:00+01:00,UKDALE_house_4,bldg_4,meter_8,lighting,lighting,135.6011536946717,23.975452154212352,good
2023-01-01T16:01:00+00:00,UKDALE_house_2,bldg_2,meter_8,lighting,lighting,2474.9032128528697,84.43301501589764,good
2023-01-01T16:02:00+01:00,UKDALE_house_2,bldg_2,meter_1,other,microwave,123.5522637652261,633.9065586089621,good
2023-01-01T16:03:00+00:00,UKDALE_house_5,bldg_5,meter_9,other,washing_machine,1139.094219972891,728.4665209682618,good
2023-01-01T16:04:00+01:00,UKDALE_house_3,bldg_3,meter_5,fridge,fridge,1286.3166102888542,46.60418410658281,good
2023-01-01T16:05:00+00:00,UKDALE_house_2,bldg_2,meter_4,fridge,fridge,,,gap
2023-01-01T16:06:00+01:00,UKDALE_house_1,bldg_1,meter_6,other,washing_machine,464.2013571773048,1549.6877258584182,good
2023-01-01T16:07:00+00:00,UKDALE_house_5,bldg_5,meter_6,other,tv,911.9222657053637,1692.7506119045613,good
2023-01-01T16:08:00+01:00,UKDALE_house_4,bldg_4,meter_2,water,unspecified_water_meter,1916.1058967234735,0.0,good
2023-01-01T16:09:00+00:00,UKDALE_house_5,bldg_5,meter_8,other,computer,1292.3519389476535,911.6340311593452,good
2023-01-01T16:10:00+01:00,UKDALE_house_4,bldg_4,meter_7,water,unspecified_water_meter,1612.8595926547557,0.0,good
2023-01-01T16:11:00+00:00,UKDALE_house_5,bldg_5,meter_1,other,dishwasher,2463.677659972153,1276.5149734695,good
2023-01-01T16:12:00+01:00,UKDALE_house_5,bldg_5,meter_5,fridge,fridge,1931.6133165173637,132.66613481230468,good
2023-01-01T16:13:00+00:00,UKDALE_house_5,bldg_5,meter_6,fridge,fridge,1114.1856704459833,80.19493333121831,good
2023-01-01T16:14:00+01:00,UKDALE_house_4,bldg_4,meter_4,other,computer,1143.7827084015444,591.4723910232776,good
2023-01-01T16:15:00+00:00,UKDALE_house_4,bldg_4,meter_2,other,dishwasher,1565.9915887504624,1689.2679727436077,good
2023-01-01T16:16:00+01:00,UKDALE_house_5,bldg_5,meter_4,fridge,freezer,1680.1447606263157,91.88118612924877,good
2023-01-01T16:17:00+00:00,UKDALE_house_2,bldg_2,meter_1,lighting,lighting,1276.7417682998448,109.50569958635803,good
2023-01-01T16:18:00+01:00,UKDALE_house_3,bldg_3,meter_7,water,unspecified_water_meter,1629.9099958967008,0.0,good
2023-01-01T16:19:00+00:00,UKDALE_house_3,bldg_3,meter_2,lighting,lighting,107.654611314542,52.11489738142924,good
2023-01-01T16:20:00+01:00,UKDALE_house_3,bldg_3,meter_2,lighting,lighting,1102.5760165472682,39.46790262320421,good
2023-01-01T16:21:00+00:00,UKDALE_house_4,bldg_4,meter_9,lighting,lighting,733.398286380018,171.5792352470321,good
2023-01-01T16:22:00+01:00,UKDALE_house_4,bldg_4,meter_5,fridge,fridge,366.47739084562045,103.69598114250216,good
2023-01-01T16:23:00+00:00,UKDALE_house_2,bldg_2,meter_2,lighting,lighting,293.88895638149904,78.64842512350077,good
2023-01-01T16:24:00+01:00,UKDALE_house_3,bldg_3,meter_9,lighting,lighting,1527.8208057559355,54.512519130247966,good
2023-01-01T16:25:00+00:00,UKDALE_house_3,bldg_3,meter_9,fridge,freezer,1332.8213405238987,96.65967362035576,good
2023-01-01T16:26:00+01:00,UKDALE_house_5,bldg_5,meter_1,other,washing_machine,671.2810866411045,1071.858756206987,good
2023-01-01T16:27:00+00:00,UKDALE_house_4,bldg_4,meter_3,lighting,lighting,1203.8276439926606,57.25884822411047,good
2023-01-01T16:28:00+01:00,UKDALE_house_3,bldg_3,meter_4,other,microwave,1255.9691721969002,1539.9600588100793,good
2023-01-01T16:29:00+00:00,UKDALE_house_2,bldg_2,meter_7,other,computer,527.7720020746087,197.4626407727394,good
2023-01-01T16:30:00+01:00,UKDALE_house_2,bldg_2,meter_4,fridge,fridge,1647.628001610044,72.73117021997061,good
2023-01-01T16:31:00+00:00,UKDALE_house_3,bldg_3,meter_2,other,microwave,1963.2524231459215,1240.6727240844136,good
2023-01-01T16:32:00+01:00,UKDALE_house_4,bldg_4,meter_7,lighting,lighting,1989.0856751793215,69.34166548745613,good
2023-01-01T16:33:00+00:00,UKDALE_house_2,bldg_2,meter_6,other,computer,1526.051085223465,1498.4315908672256,good
2023-01-01T16:34:00+01:00,UKDALE_house_5,bldg_5,meter_3,fridge,fridge,1303.5145271715844,118.78413919204843,good
2023-01-01T16:35:00+00:00,UKDALE_house_2,bldg_2,meter_6,other,computer,199.46750036321748,1430.7899779592349,good
2023-01-01T16:36:00+01:00,UKDALE_house_1,bldg_1,meter_6,other,washing_machine,755.1866821864344,258.4364377842535,good
2023-01-01T16:37:00+00:00,UKDALE_house_1,bldg_1,meter_5,fridge,freezer,278.51504460651626,46.86565535946515,good
2023-01-01T16:38:00+01:00,UKDALE_house_4,bldg_4,meter_4,fridge,fridge,2411.3667441522603,,gap
2023-01-01T16:39:00+00:00,UKDALE_house_3,bldg_3,meter_1,other,kettle,380.9463582531137,956.6350390957319,good
